protein,gene,spearman_r,spearman_p,pearson_r,pearson_p,n_cells,sample_id
CD3,CD3D,-0.11018764082405706,0.0,-0.07083838415526489,7.93151086607036e-142,127792,A01
CD3,CD3E,-0.11285785754610388,0.0,-0.07658356316950653,1.7153017135196694e-165,127792,A01
CD4,CD4,0.06009986741575478,1.4365505259083074e-102,0.06434823478627939,2.5097114257390973e-117,127792,A01
CD8,CD8A,0.00543207808698601,0.052154658581956545,0.05691689664487137,3.563570093152156e-92,127792,A01
CD20,MS4A1,-0.07499302782476051,9.377595012302522e-159,-0.008987095970225215,0.001314747290832457,127792,A01
CD68,CD68,0.1416007659246843,0.0,0.23207399007478793,0.0,127792,A01
CD31,PECAM1,0.19451279412202996,0.0,0.295934752785596,0.0,127792,A01
CD11c,ITGAX,0.03796858304518616,5.4249890320418376e-42,0.03402495679541556,4.679087893588964e-34,127792,A01
HLA-DR,HLA-DRA,0.21833026990714635,0.0,0.2490912720793282,0.0,127792,A01
aSMA,ACTA2,0.19395543847695848,0.0,0.1458195055376044,0.0,127792,A01
KI67,MKI67,0.0037438861915445034,0.18078031905755512,-0.0005035278546034939,0.8571530210916682,127792,A01
PD1,PDCD1,0.010692550527655772,0.00013213464855478814,0.001206639743251892,0.6662171008504457,127792,A01
PDL1,CD274,0.02170797869463808,8.425682427847943e-15,0.0041508287962024465,0.13785390853738286,127792,A01
FOXP3,FOXP3,-0.009524872764924938,0.0006616499844136753,-0.008577641549676204,0.0021668058243374077,127792,A01
CD3,CD3D,-0.06289673303538876,7.454417216494605e-28,-0.03761463313721297,6.229695820687859e-11,30194,B01
CD3,CD3E,-0.05916441819939751,7.8790854348102995e-25,-0.033216880918300884,7.775275535324151e-09,30194,B01
CD4,CD4,0.06076171830775286,4.2140750379549125e-26,0.019460518854171657,0.000720330382884278,30194,B01
CD8,CD8A,0.03957320382892508,6.0352007590779805e-12,0.02768731735416243,1.4958600434473811e-06,30194,B01
CD20,MS4A1,0.05291214768811728,3.569464895280859e-20,0.02689326305176009,2.957661074794629e-06,30194,B01
CD68,CD68,0.09203204416983375,8.517442696194831e-58,0.06632097076345057,8.643280312280912e-31,30194,B01
CD31,PECAM1,0.10322674851428099,2.580239748344103e-72,0.08640085206193888,3.9621155099933986e-51,30194,B01
CD11c,ITGAX,0.05397299700275135,6.2900031399593015e-21,0.026483376747160274,4.17490370607361e-06,30194,B01
HLA-DR,HLA-DRA,0.16991767419911596,2.2742820174911403e-194,0.22104641296382882,0.0,30194,B01
aSMA,ACTA2,0.06183162536319497,5.676546842062051e-27,0.09652666432520825,2.0118324853677189e-63,30194,B01
KI67,MKI67,-0.009592444610796292,0.09555559677575341,-0.006446531727293073,0.2626533647252482,30194,B01
PD1,PDCD1,0.01372040916039051,0.01711957499420216,-0.0008860528953103952,0.8776429024498908,30194,B01
PDL1,CD274,0.024275037926067958,2.458460715076543e-05,-0.00305528321313862,0.5955032354385525,30194,B01
FOXP3,FOXP3,0.015294390223639497,0.00786845276614314,0.0001702580150251785,0.9763992050606044,30194,B01
CD3,CD3D,-0.017684915970237535,0.0005126393879181754,-8.474218436440271e-05,0.9867193151188239,38586,C01
CD3,CD3E,-0.027196669016187617,9.134826124398293e-08,-0.003179159970770311,0.5323164079635221,38586,C01
CD4,CD4,0.06018758933421627,2.6201000814066813e-32,0.03349621419497959,4.6549851647468634e-11,38588,C01
CD8,CD8A,0.06686061376901957,1.7410700389957434e-39,0.05580718183125263,5.276702987532627e-28,38588,C01
CD20,MS4A1,0.05590886686701102,4.227701861120674e-28,0.03153990741486908,5.755453662808246e-10,38588,C01
CD68,CD68,0.11129653267571263,1.3339351178208445e-106,0.10531696597891128,1.3510429535627265e-95,38588,C01
CD31,PECAM1,0.11115972918453117,2.4202066709032136e-106,0.18025336198091096,3.911154851173969e-279,38588,C01
CD11c,ITGAX,0.022553664199905007,9.387405630048486e-06,0.0009842280568976324,0.846697513394426,38588,C01
HLA-DR,HLA-DRA,0.2825933317843444,0.0,0.25102359163878557,0.0,38588,C01
aSMA,ACTA2,0.15640452538634694,8.023460261586187e-210,0.23822973213386534,0.0,38587,C01
KI67,MKI67,-0.003984941490923427,0.4337605288966284,-0.0039022199283011713,0.4433648870855364,38588,C01
PD1,PDCD1,0.021212886160776382,3.081518667282121e-05,0.01725942949538327,0.0006975114684494278,38588,C01
PDL1,CD274,0.03843276983927814,4.2792434018238714e-14,0.0006073201555479907,0.9050399996080872,38588,C01
FOXP3,FOXP3,0.025725794104374537,4.321904075460424e-07,0.01481967391872253,0.003600240152148221,38588,C01
CD3,CD3D,0.02989271258873533,1.0161407234989959e-07,0.044656888896132514,1.7845861924686917e-15,31707,D01
CD3,CD3E,0.028431241986225406,4.117980326580092e-07,0.035189101434286066,3.6659153781779876e-10,31707,D01
CD4,CD4,0.11379572769400528,7.186302942076007e-92,0.0779993939485053,5.523664951011094e-44,31708,D01
CD8,CD8A,0.10606518051943167,5.3653606374462106e-80,0.08444457982152448,2.819878875430911e-51,31709,D01
CD20,MS4A1,0.045546846535379264,4.885937680157427e-16,0.06992095149541493,1.1527897580498119e-35,31708,D01
CD68,CD68,0.17674701648275928,7.806981981422042e-221,0.11866312575103002,8.742787691214981e-100,31708,D01
CD31,PECAM1,0.2682786343667741,0.0,0.2855295515182202,0.0,31708,D01
CD11c,ITGAX,0.061203335230400245,1.054189214291098e-27,0.027019679886893674,1.494176262909914e-06,31708,D01
HLA-DR,HLA-DRA,0.47983001237166545,0.0,0.3648948961659917,0.0,31708,D01
aSMA,ACTA2,0.29539547081634426,0.0,0.32521983027340134,0.0,31707,D01
KI67,MKI67,0.008397098041880404,0.13485785693281135,0.0026224569564621365,0.6405310057163517,31708,D01
PD1,PDCD1,0.014436270291910512,0.010149253002514142,-0.00017990010630989002,0.9744452658763084,31709,D01
PDL1,CD274,-0.030122776215523273,8.096043138882928e-08,-0.027818572950497833,7.2545381354916e-07,31709,D01
FOXP3,FOXP3,0.008839959506712743,0.11546383532296016,-0.002763707756683953,0.6226376516173336,31709,D01
CD3,CD3D,0.06069069352141719,2.1212808047668175e-29,0.06580422870981445,2.808668486693028e-34,34347,E01
CD3,CD3E,0.05872111789417594,1.2596633331092742e-27,0.06201752995980108,1.2521660981214107e-30,34348,E01
CD4,CD4,0.10200417210447384,4.03122133873975e-80,0.08830544326696112,1.9610505972656977e-60,34353,E01
CD8,CD8A,0.0737086050205388,1.3428220462222221e-42,0.08721850931331318,5.394696048957166e-59,34353,E01
CD20,MS4A1,0.1009198745562942,1.8551446642105992e-78,0.12451084484570851,9.822296222245615e-119,34353,E01
CD68,CD68,0.10807817305538565,9.034238106659117e-90,0.08664091262667778,3.0874112157219904e-58,34353,E01
CD31,PECAM1,0.1455541597568015,5.508965606498982e-162,0.2533184112675243,0.0,34353,E01
CD11c,ITGAX,0.029602727601388434,4.0711119723207935e-08,0.023416678183019766,1.4208382930808885e-05,34353,E01
HLA-DR,HLA-DRA,0.3344320113854179,0.0,0.2506559204416511,0.0,34353,E01
aSMA,ACTA2,0.26180699584963574,0.0,0.37087671884296836,0.0,34353,E01
KI67,MKI67,0.00485887939321231,0.3678305153378467,-0.0007065271315116645,0.895817263597194,34353,E01
PD1,PDCD1,-0.000490322317607471,0.9275912841257502,-0.006791208887891034,0.20814248585963935,34353,E01
PDL1,CD274,-0.00428065974957037,0.427558607022396,-0.009417242189721078,0.08091182018350838,34353,E01
FOXP3,FOXP3,0.018274064650090262,0.0007061569462671683,0.0067907093666945,0.2081759419045688,34353,E01
CD3,CD3D,-0.009544013692844305,0.016704062032125537,-0.0005856096514662871,0.8832598454835353,62875,F01
CD3,CD3E,-0.01660014132535224,3.145466138974926e-05,-0.004188530530480241,0.2936017809075912,62875,F01
CD4,CD4,0.009608163468242552,0.015985610052659308,0.009408411171418433,0.018316659960920568,62875,F01
CD8,CD8A,-0.006387832774734742,0.10921612482712179,0.006975571189567995,0.0802731899303806,62875,F01
CD20,MS4A1,0.053284265799507076,9.029487435265244e-41,0.09192542967251247,4.7759635533023625e-118,62875,F01
CD68,CD68,0.03868243008907291,2.9271997400471374e-22,0.04880040978909597,1.8156443443341304e-34,62875,F01
CD31,PECAM1,0.01902643117968622,1.8313770291952758e-06,0.059687683634885594,9.969918777699019e-51,62875,F01
CD11c,ITGAX,-0.029436221522722943,1.5528335892569337e-13,-0.027567936713309635,4.718213783616135e-12,62875,F01
HLA-DR,HLA-DRA,0.1523154187719868,0.0,0.13677509927832143,3.469323992079698e-260,62875,F01
aSMA,ACTA2,0.06106137562315642,5.200051521046463e-53,0.10668257331366307,1.582419413189186e-158,62875,F01
KI67,MKI67,0.007577987934521014,0.05741193188574769,0.005446504927919698,0.17203691916658675,62875,F01
PD1,PDCD1,-0.0059288874077558515,0.13710849669169065,-0.005136686168523143,0.19774555084778325,62875,F01
PDL1,CD274,-0.03319333239398595,8.410170913922243e-17,-0.0331275191172502,9.667190060631254e-17,62875,F01
FOXP3,FOXP3,-0.002172126138549561,0.5859956302868943,-0.014916267445508377,0.00018374880489241904,62875,F01
CD3,CD3D,0.1470348811161274,0.0,0.14757002568028743,0.0,158726,G01
CD3,CD3E,0.14359315809290088,0.0,0.1383084219315995,0.0,158726,G01
CD4,CD4,0.2142768553004508,0.0,0.22754846557508504,0.0,158726,G01
CD8,CD8A,0.17630470486462668,0.0,0.24691155276619198,0.0,158726,G01
CD20,MS4A1,0.018892531928110586,5.1729415861682683e-14,0.016279183425334916,8.810095036988758e-11,158726,G01
CD68,CD68,0.3317019850520042,0.0,0.38961857688146384,0.0,158726,G01
CD31,PECAM1,0.1885080569801549,0.0,0.33288847845979186,0.0,158726,G01
CD11c,ITGAX,0.09811375999640486,0.0,0.101323309823279,0.0,158726,G01
HLA-DR,HLA-DRA,0.43703516885697663,0.0,0.29707903547687114,0.0,158726,G01
aSMA,ACTA2,0.11267592632997951,0.0,0.23886371062878917,0.0,158726,G01
KI67,MKI67,0.008619292599435878,0.0005947439300255955,0.007858778557524343,0.001742151312243649,158726,G01
PD1,PDCD1,0.03523218728770642,8.758838551058567e-45,0.023766375841779524,2.801395124711884e-21,158726,G01
PDL1,CD274,0.04414490592482528,2.6453422790814434e-69,0.042798795992277226,3.001188567673279e-65,158726,G01
FOXP3,FOXP3,0.014441643842103183,8.722428836090087e-09,0.0022306050618240937,0.3741768064570529,158726,G01
CD3,CD3D,0.07523205398460858,5.770591762398739e-108,0.08965264477238208,1.147949141672426e-152,85840,H01
CD3,CD3E,0.06645110075303012,1.3240971777965378e-84,0.07341589566589549,6.789116748186356e-103,85840,H01
CD4,CD4,0.11075696628638623,2.0816075594391076e-232,0.1120734647957426,5.976024844015561e-238,85842,H01
CD8,CD8A,0.09362481204614642,2.2523544974505e-166,0.12269399334663962,4.0787154309010065e-285,85842,H01
CD20,MS4A1,0.08759743314199107,8.137432180526254e-146,0.40963691423342846,0.0,85842,H01
CD68,CD68,0.09868279506784627,1.0707619509289613e-184,0.0966359073437782,3.6533806799887206e-177,85842,H01
CD31,PECAM1,0.12976851591399977,0.0,0.18195389624767835,0.0,85842,H01
CD11c,ITGAX,0.030292985941318434,6.844689806913521e-19,0.03499368891175591,1.1153659025003674e-24,85842,H01
HLA-DR,HLA-DRA,0.4340958183778163,0.0,0.3355948232244559,0.0,85842,H01
aSMA,ACTA2,0.127077850113756,7.27423890405261e-306,0.19412421124000276,0.0,85842,H01
KI67,MKI67,-8.450172361377583e-05,0.9802482829700891,0.0010238804919890832,0.7641920575779025,85842,H01
PD1,PDCD1,0.007998134142909875,0.01911087595103311,0.011435766736798405,0.0008063558027835394,85842,H01
PDL1,CD274,-0.028698713544353813,4.100461268680014e-17,-0.02057196670377509,1.6611345684694821e-09,85842,H01
FOXP3,FOXP3,-0.006833272300534517,0.0452781311273559,-0.005171739452165689,0.129710131217397,85842,H01
CD3,CD3D,-0.010416853279883566,0.00030329259273158965,0.0228956322470161,2.008400114768291e-15,120260,A02
CD3,CD3E,-0.02738760712703375,2.1130431722581756e-21,-0.0016618442841661706,0.5644141325291478,120260,A02
CD4,CD4,0.08119210480047606,5.449139323839721e-175,0.07776377212709587,1.1919914293967828e-160,120260,A02
CD8,CD8A,0.02346930887498553,3.957800739570657e-16,0.051747570266975976,4.220158723350279e-72,120260,A02
CD20,MS4A1,-0.02138548335319743,1.198563627352398e-13,-0.02281281026262281,2.530969330313295e-15,120260,A02
CD68,CD68,0.09900283812074302,1.4068732452205108e-259,0.15295029664354498,0.0,120260,A02
CD31,PECAM1,0.15473823546709942,0.0,0.2448743517099227,0.0,120260,A02
CD11c,ITGAX,0.017042944350030908,3.408446252252428e-09,0.00923435463305972,0.0013630046259251061,120260,A02
HLA-DR,HLA-DRA,0.24130207704812323,0.0,0.2294198808686427,0.0,120260,A02
aSMA,ACTA2,0.16035952450282273,0.0,0.17672140834820477,0.0,120260,A02
KI67,MKI67,0.002676907251921666,0.3532499374032384,0.003999090322333215,0.1654976904171502,120260,A02
PD1,PDCD1,0.017058381269898205,3.2993798808969112e-09,0.00492032980798345,0.08795403835884551,120260,A02
PDL1,CD274,0.025438704886025697,1.1133058395360014e-18,0.007737152914222628,0.007293386954754131,120260,A02
FOXP3,FOXP3,0.007526317570280114,0.009053543427068269,-0.003573300518702173,0.21528664324910574,120260,A02
CD3,CD3D,-0.031067253201146887,1.777689624543786e-09,-0.04261099492474092,1.5267067019302095e-16,37494,B02
CD3,CD3E,-0.03214675041631817,4.782044437718072e-10,-0.05195349914553153,7.776519730703982e-24,37494,B02
CD4,CD4,0.02268573828739404,1.1121334871085138e-05,0.01337134273842043,0.009604325725862391,37511,B02
CD8,CD8A,0.03027459545358272,4.50269349951238e-09,0.025339095036999187,9.192859948598292e-07,37510,B02
CD20,MS4A1,-0.021530622653484273,3.0414148926801e-05,-0.019604582855637997,0.00014633601275699677,37511,B02
CD68,CD68,0.0629240467443294,3.166160492592949e-34,0.014400913106797069,0.0052846858751400255,37510,B02
CD31,PECAM1,0.09532528584701706,1.9293360392031118e-76,0.07769146501379098,2.5833269773776548e-51,37510,B02
CD11c,ITGAX,0.04873762852938842,3.569095307412379e-21,0.005944703574883942,0.2496038272694247,37510,B02
HLA-DR,HLA-DRA,0.13938206798053987,4.805192880470224e-162,0.17613343406639778,4.9155856179955573e-259,37510,B02
aSMA,ACTA2,0.19553765494930997,0.0,0.2323773832758197,0.0,37509,B02
KI67,MKI67,0.0076901196180458745,0.1363988236276266,0.0018035770754433482,0.726870290764842,37509,B02
PD1,PDCD1,0.0209645938232554,4.8940828104836144e-05,-0.002562680013555716,0.6196748025789317,37510,B02
PDL1,CD274,-0.001293718295095834,0.8021600117527979,-0.011308038930580917,0.02851834070601908,37510,B02
FOXP3,FOXP3,0.004145987552965138,0.4220031893181029,-0.004387354759812901,0.39549376617755877,37510,B02
CD3,CD3D,-0.05124259755568976,6.475915990377539e-32,-0.03787583008744354,3.695319916252024e-18,52578,C02
CD3,CD3E,-0.04386713848377965,8.02677771026557e-24,-0.03611813011448591,1.1875134072657106e-16,52578,C02
CD4,CD4,0.09377531220337162,5.113223788665661e-103,0.05110099625875726,9.389730090505524e-32,52588,C02
CD8,CD8A,0.07953999653771063,1.4741703969953611e-74,0.04375668335264414,1.029302245867571e-23,52587,C02
CD20,MS4A1,0.0683340549741613,1.8162417786669796e-55,0.04010998220925144,3.528735495197272e-20,52588,C02
CD68,CD68,0.09827650113650764,5.312421016118444e-113,0.0826907475273533,1.8834706922101954e-80,52588,C02
CD31,PECAM1,0.1686660003060597,0.0,0.18230253486891598,0.0,52588,C02
CD11c,ITGAX,0.06087786448138207,2.2723148654641287e-44,0.019215293551369708,1.0492478549849418e-05,52588,C02
HLA-DR,HLA-DRA,0.30010868203476004,0.0,0.2859525405966479,0.0,52588,C02
aSMA,ACTA2,0.15000383679480764,3.10260466648869e-262,0.18544715577732845,0.0,52588,C02
KI67,MKI67,,,,,52588,C02
PD1,PDCD1,0.043736637142429424,1.0784596551350077e-23,0.014852433971564893,0.0006591116976468618,52587,C02
PDL1,CD274,0.00650232064974231,0.1359396794861511,-0.006701276270750607,0.12436489981096963,52587,C02
FOXP3,FOXP3,0.029632378151627385,1.0712811013059791e-11,0.009218179719855783,0.03452429450770079,52587,C02
CD3,CD3D,-0.05558002439828791,1.3762839365673202e-39,-0.03190005474659283,4.2630636435406775e-14,56030,D02
CD3,CD3E,-0.04084075309138183,4.0007963113526483e-22,-0.022959792260557957,5.4695467799013334e-08,56030,D02
CD4,CD4,0.03830018890704396,1.196346489086172e-19,0.012747137221545406,0.002548513651864422,56035,D02
CD8,CD8A,0.04865111242303846,1.00892531010886e-30,0.021752196606739764,2.61025960120554e-07,56035,D02
CD20,MS4A1,0.031039299170047552,1.9948534959453237e-13,0.006954286931392733,0.09972628792170118,56035,D02
CD68,CD68,0.08837950507650778,1.4736269853046065e-97,0.061828842575557534,1.3543921565226957e-48,56035,D02
CD31,PECAM1,0.09730478023009469,6.112093238257297e-118,0.12840433413411526,1.3619284813514717e-204,56035,D02
CD11c,ITGAX,0.03875468848082237,4.426869015546459e-20,0.005002482565194298,0.23635198406122807,56035,D02
HLA-DR,HLA-DRA,0.15968413326459002,0.0,0.1593994861308287,1.50535768e-315,56035,D02
aSMA,ACTA2,0.16571951669629675,0.0,0.24191915664640415,0.0,56035,D02
KI67,MKI67,0.004311226078032127,0.3074804663026658,0.0004587721133321473,0.9135222978168013,56035,D02
PD1,PDCD1,0.02716847131680946,1.2569866526055744e-10,0.013648270262006488,0.0012341933733093595,56035,D02
PDL1,CD274,0.03051007004247542,5.056326949119978e-13,0.00438011915212481,0.29981458748713075,56035,D02
FOXP3,FOXP3,0.015867748761920434,0.00017242975358280966,0.0012566068877571395,0.7661200299604808,56035,D02
CD3,CD3D,-0.009634163567668224,0.08586255939503537,-0.006051879958067956,0.28060929302263493,31787,E02
CD3,CD3E,-0.01660119798592081,0.0030769234991871843,-0.010328836278764337,0.065544733762221,31788,E02
CD4,CD4,0.037587041748377854,2.030946452210346e-11,0.017791247633755027,0.0015125680968137863,31790,E02
CD8,CD8A,0.030488402221716948,5.416808333710776e-08,0.005824872257902337,0.2990242332411143,31790,E02
CD20,MS4A1,0.04906269738236462,2.083383961230016e-18,0.03981803061064787,1.229707820367645e-12,31790,E02
CD68,CD68,0.035871405781404894,1.5784901480517276e-10,0.017237841060601004,0.0021151297507895094,31790,E02
CD31,PECAM1,0.05260392373381573,6.275101146703999e-21,0.08457710997896847,1.470268119626226e-51,31790,E02
CD11c,ITGAX,0.024222752638188304,1.5651055506636193e-05,0.01149030508061995,0.040493437259087744,31790,E02
HLA-DR,HLA-DRA,0.1943260965382971,4.4617867143174597e-268,0.1614744941449569,1.1849848772121514e-184,31790,E02
aSMA,ACTA2,0.09875105835265893,1.0261273661341617e-69,0.17833073439426236,2.0650149379416148e-225,31790,E02
KI67,MKI67,0.008958333858274927,0.11021716439127899,0.012897963556382164,0.021466359861257035,31790,E02
PD1,PDCD1,0.012767434748913726,0.022821779978533883,-0.00017756241563712417,0.9747450357100282,31790,E02
PDL1,CD274,0.004325664297882964,0.44057154603539483,-0.002693987677387832,0.6310046590912483,31790,E02
FOXP3,FOXP3,0.008911286838382756,0.11209894316252071,-0.001757636733258137,0.7539994504902341,31790,E02
CD3,CD3D,-0.00466858685915909,0.3903584071065451,-0.006169034802365677,0.25635949599263097,33854,F02
CD3,CD3E,-0.013389749370120285,0.01375262778509946,-0.0144189504517036,0.007976841685511462,33854,F02
CD4,CD4,0.06641819798560017,2.0413719559789024e-34,0.04893421220882076,2.0776846487269422e-19,33857,F02
CD8,CD8A,0.038409238057346404,1.5521103405974706e-12,0.026810524572685856,8.059791558368285e-07,33857,F02
CD20,MS4A1,0.03176169799219875,5.050560796515993e-09,0.04720876414228741,3.590552809660326e-18,33857,F02
CD68,CD68,0.08227287809396386,6.161241148809424e-52,0.050039968724664936,3.1736623444061174e-20,33857,F02
CD31,PECAM1,0.07040843790320388,1.7876703029772974e-38,0.07907967423977649,4.1616642498710043e-48,33857,F02
CD11c,ITGAX,0.04411774976762318,4.606837037783602e-16,0.028053114664771343,2.434459752257711e-07,33857,F02
HLA-DR,HLA-DRA,0.2930532611564106,0.0,0.27009874340929446,0.0,33857,F02
aSMA,ACTA2,0.08395023792726429,5.2119078524395533e-54,0.11575728054802144,2.5013478424410462e-101,33857,F02
KI67,MKI67,-0.004565280680654295,0.4009098367979961,-0.0023525544147274917,0.6651157385054759,33857,F02
PD1,PDCD1,-0.011175144725082438,0.039758879910924146,0.002017459618697585,0.7104850547355576,33857,F02
PDL1,CD274,-0.006449903548477986,0.23531902387692008,0.0025376028988560355,0.6405647415894038,33857,F02
FOXP3,FOXP3,-0.003247799234442561,0.5501179455405814,-0.0031574791350454175,0.5612642188706051,33857,F02
CD3,CD3D,0.008206001504568865,0.020577312856270104,0.00993291671039122,0.005063101072080122,79631,G02
CD3,CD3E,0.024991634715099166,1.7468931746813895e-12,0.020687350089249865,5.2751151336487035e-09,79630,G02
CD4,CD4,0.14049683288395767,0.0,0.12233902192198536,4.005077647876376e-263,79634,G02
CD8,CD8A,0.04802744182105249,6.846557746366779e-42,0.06045359033896514,2.2763586481187325e-65,79634,G02
CD20,MS4A1,0.007436073708264267,0.03586817900208256,0.003082888009673707,0.3843201357296343,79634,G02
CD68,CD68,0.2493291708188323,0.0,0.2738675577285325,0.0,79634,G02
CD31,PECAM1,0.1913049851264883,0.0,0.31111119577177204,0.0,79634,G02
CD11c,ITGAX,0.0864269149045098,7.33941406888395e-132,0.08179823704264032,2.8182693796774806e-118,79634,G02
HLA-DR,HLA-DRA,0.37463730484753893,0.0,0.16733569544056132,0.0,79634,G02
aSMA,ACTA2,0.17163286067503794,0.0,0.13943299813617036,0.0,79634,G02
KI67,MKI67,0.006246586589220472,0.07794353626521104,0.0020770052545608436,0.5578003445958473,79634,G02
PD1,PDCD1,0.013256879371258244,0.0001831945015923437,0.0063862837576587885,0.07151909914365583,79634,G02
PDL1,CD274,0.02409791492659372,1.0375765058243307e-11,0.0018911434637107593,0.5935745259119944,79634,G02
FOXP3,FOXP3,0.007135392781779819,0.04405512317451113,0.0010671697277373493,0.7633037097378895,79634,G02
CD3,CD3D,-0.007891452371370438,0.01979131762467099,0.017477073300075814,2.454383492166047e-07,87197,H02
CD3,CD3E,-0.009613515932901986,0.0045281642777233845,0.006599970330719545,0.05130645527992801,87197,H02
CD4,CD4,0.11797364155795886,8.557185270217261e-268,0.13073955648688196,0.0,87215,H02
CD8,CD8A,0.04489211313469112,3.737878151574136e-40,0.07535639708938355,5.0784518027542035e-110,87215,H02
CD20,MS4A1,0.0059080900322462234,0.08102345949568344,-0.0011310873736580884,0.7383568118667522,87215,H02
CD68,CD68,0.28516313779433755,0.0,0.28324942250432766,0.0,87215,H02
CD31,PECAM1,0.1962486874429126,0.0,0.33301894726867187,0.0,87215,H02
CD11c,ITGAX,0.04703976024658277,6.390651594067971e-44,0.06134453319068374,1.743131861582031e-73,87215,H02
HLA-DR,HLA-DRA,0.3912804695477503,0.0,0.40534058466420664,0.0,87215,H02
aSMA,ACTA2,0.14120757795538016,0.0,0.15502054915813526,0.0,87215,H02
KI67,MKI67,0.004404714991163661,0.19333074829736308,0.0009145526799399604,0.7870971434757382,87214,H02
PD1,PDCD1,0.02792059893513805,1.623489441135255e-16,0.016866457776868734,6.315313201651938e-07,87215,H02
PDL1,CD274,0.04336544794390438,1.3936999458682813e-37,0.017865241171915677,1.3178828632268953e-07,87215,H02
FOXP3,FOXP3,0.01828147723988734,6.690379741054724e-08,0.010330158115430503,0.0022826359328311672,87215,H02
CD3,CD3D,-0.0551159750262013,5.496546196884396e-98,-0.01962876416824307,7.611334300923818e-14,145070,A03
CD3,CD3E,-0.06985477171346322,2.423422204476195e-156,-0.03588218360513298,1.510718536035092e-42,145070,A03
CD4,CD4,0.0726909244410067,3.6883149201723877e-169,0.06109968531770561,5.190305514854786e-120,145070,A03
CD8,CD8A,0.018867520390219692,6.631547339340841e-13,0.03637335507818501,1.1329153667018947e-43,145069,A03
CD20,MS4A1,-0.016605506987827066,2.530746351820487e-10,0.030882581020263263,5.893094133766762e-32,145070,A03
CD68,CD68,0.16151246990610935,0.0,0.24458391691611167,0.0,145070,A03
CD31,PECAM1,0.17380202323335797,0.0,0.2507719038641533,0.0,145070,A03
CD11c,ITGAX,0.034497611135149535,1.8601628189369225e-39,0.029512856882111693,2.5007521711488849e-29,145070,A03
HLA-DR,HLA-DRA,0.23565732791696378,0.0,0.271693965961512,0.0,145070,A03
aSMA,ACTA2,0.17450115227060922,0.0,0.10851340694316564,0.0,145070,A03
KI67,MKI67,0.0035863658604291613,0.17194848806595459,0.0015370808883454678,0.5582522161811767,145070,A03
PD1,PDCD1,0.013828956136606712,1.383792847868034e-07,0.004364792822704287,0.09642091331044052,145070,A03
PDL1,CD274,0.022384105320683984,1.5062687475833177e-17,0.004198702310955387,0.10977675886278905,145070,A03
FOXP3,FOXP3,0.014373933333716981,4.375427443101738e-08,0.008937464152571241,0.0006637151336876352,145070,A03
CD3,CD3D,-0.024694230061123083,1.4414970664555752e-06,-0.03906365809051068,2.436942063827255e-14,38076,B03
CD3,CD3E,-0.024466213544402093,1.8006012952384308e-06,-0.03845892631107564,6.052067436931057e-14,38075,B03
CD4,CD4,0.05939403645799091,4.008915421625321e-31,0.03842263306726879,6.29327160581153e-14,38095,B03
CD8,CD8A,0.05773563274024261,1.688326036004605e-29,0.04104379635962891,1.1102078234214382e-15,38095,B03
CD20,MS4A1,0.010028926209454607,0.05029754067426265,0.006799834723705937,0.18445593128345866,38095,B03
CD68,CD68,0.17417188939700193,3.5771583632021765e-257,0.13799435389710601,2.7348967526234773e-161,38095,B03
CD31,PECAM1,0.1143155262085746,5.545742775182468e-111,0.16457379918844356,1.850391121584095e-229,38095,B03
CD11c,ITGAX,0.04690433491632017,5.213795144757696e-20,0.014227036196814766,0.005488447403889979,38095,B03
HLA-DR,HLA-DRA,0.4358344984821933,0.0,0.46489895250751345,0.0,38095,B03
aSMA,ACTA2,0.14509071347730929,2.872774023676688e-178,0.2406887618648385,0.0,38095,B03
KI67,MKI67,-0.0029114201350245636,0.5698775766983466,-0.0017722664692528662,0.7294187437897163,38095,B03
PD1,PDCD1,0.02626862130002074,2.9313141499023056e-07,0.00799825598917581,0.11850756950606839,38095,B03
PDL1,CD274,0.027601319031949064,7.12228024402522e-08,0.00016471764096616555,0.9743536766998188,38095,B03
FOXP3,FOXP3,0.02756380029610723,7.41836275152323e-08,0.0021573432940077647,0.6737144434697896,38095,B03
CD3,CD3D,0.05468823213420286,1.5356391899410023e-15,0.036415542192647365,1.1113535116181462e-07,21231,C03
CD3,CD3E,0.03605479450233548,1.481103745566377e-07,0.01608483453931634,0.019092879953947692,21231,C03
CD4,CD4,0.11847226701306923,3.185181871846869e-67,0.07907950919082439,8.296207639601825e-31,21231,C03
CD8,CD8A,0.07227584842177064,5.392442422194707e-26,0.05054499155099993,1.7176163531519704e-13,21231,C03
CD20,MS4A1,0.05074163248170375,1.3843518719611979e-13,0.020223639699397604,0.0032099115226806186,21231,C03
CD68,CD68,0.13525805064326937,3.088812880978608e-87,0.14886752245494084,1.799143149961745e-105,21231,C03
CD31,PECAM1,0.17430630912605224,1.8451502578445958e-144,0.21742982529946106,1.4073242235630572e-225,21231,C03
CD11c,ITGAX,0.05814264373221614,2.2800231711127404e-17,0.016798608276523238,0.014375913903604326,21231,C03
HLA-DR,HLA-DRA,0.4074963522977509,0.0,0.3799133244108115,0.0,21231,C03
aSMA,ACTA2,0.1643109713742151,2.326714646308432e-128,0.13338100124950444,7.427655698981052e-85,21229,C03
KI67,MKI67,0.007154479839700162,0.29721639635781016,0.0005540566333181636,0.9356597982877458,21231,C03
PD1,PDCD1,0.05127649427927764,7.667443301291674e-14,0.014332168543233027,0.03677035813376313,21231,C03
PDL1,CD274,0.04170766498531314,1.2059290622255147e-09,-0.0035961687054927856,0.6003038588908555,21231,C03
FOXP3,FOXP3,0.0341728871890256,6.343811165823354e-07,0.006212164641917067,0.36540111098318034,21231,C03
CD3,CD3D,-0.038638761801100485,1.871434789889577e-12,-0.04363036918670305,1.7983139848266126e-15,33210,D03
CD3,CD3E,-0.02244706813904477,4.29579676932005e-05,-0.03214564739392822,4.6481341781878646e-09,33209,D03
CD4,CD4,0.08011229073767934,1.915902932844839e-48,0.05908608082822456,4.307526024495442e-27,33227,D03
CD8,CD8A,0.06995602096442576,2.508283652600706e-37,0.047750538090823996,3.0727288971787953e-18,33227,D03
CD20,MS4A1,0.031174125568084726,1.3183242273919363e-08,0.02027123174708238,0.0002195957783633133,33227,D03
CD68,CD68,0.1844358842480997,4.825638306696419e-252,0.13310788672549884,3.4837687308513024e-131,33227,D03
CD31,PECAM1,0.15748169788036803,1.8148506557952103e-183,0.17903347243852288,2.2250277005698495e-237,33227,D03
CD11c,ITGAX,0.0529633185547239,4.42756614632659e-22,0.009575758273086214,0.08090311206790753,33227,D03
HLA-DR,HLA-DRA,0.47103334677833997,0.0,0.41433762953354714,0.0,33227,D03
aSMA,ACTA2,0.22919526111417562,0.0,0.23385576303824876,0.0,33226,D03
KI67,MKI67,,,,,33227,D03
PD1,PDCD1,0.031520909388586836,9.087848254308027e-09,0.019661152435628257,0.0003382418871475885,33227,D03
PDL1,CD274,0.022542163040637293,3.96662760775187e-05,-0.0004947322606990472,0.9281459504631724,33227,D03
FOXP3,FOXP3,0.043083427107529514,3.9432967964192844e-15,0.009407694666994712,0.08637569161134057,33227,D03
CD3,CD3D,0.061677611277627976,2.987313319261824e-73,0.09307856803392368,9.751850152933561e-165,85992,E03
CD3,CD3E,0.050918160548135506,1.7850516593264044e-50,0.06836011469550231,1.3671114738512575e-89,85992,E03
CD4,CD4,0.09340772948762104,6.461766292670709e-166,0.08985538122012174,1.2238903668201786e-153,86003,E03
CD8,CD8A,0.07417031443586088,3.507605476878197e-105,0.10447762961342437,2.801799034302811e-207,86003,E03
CD20,MS4A1,0.06904114886353446,2.3148102927591123e-91,0.2901817662175877,0.0,86003,E03
CD68,CD68,0.166103721842655,0.0,0.17664712559741227,0.0,86003,E03
CD31,PECAM1,0.1402917020453279,0.0,0.2808689428349523,0.0,86003,E03
CD11c,ITGAX,0.005303838476348719,0.11984935317132835,0.0038128647600951648,0.26349919694056306,86003,E03
HLA-DR,HLA-DRA,0.44706749395649725,0.0,0.3947699276269363,0.0,86003,E03
aSMA,ACTA2,0.219164996911223,0.0,0.2433395223339078,0.0,86003,E03
KI67,MKI67,0.0042043214879092855,0.21759139001239342,0.000966518538921311,0.776839750064444,86003,E03
PD1,PDCD1,0.014693125423498299,1.6390889636694025e-05,0.024781304041013565,3.636568434599083e-13,86003,E03
PDL1,CD274,-0.016736134637144687,9.184297639610307e-07,-0.006498469591828003,0.05668251444268048,86003,E03
FOXP3,FOXP3,-0.00256935775313517,0.4511572994880927,-0.005376945464998889,0.11483098253415429,86003,E03
CD3,CD3D,0.027119993205183362,6.199947299937661e-15,0.040792087418694625,8.464183926695373e-32,82688,F03
CD3,CD3E,0.019285933284393108,2.9205252226732886e-08,0.027117288604510955,6.242956726287528e-15,82686,F03
CD4,CD4,0.040466466392681484,2.5185337505343422e-31,0.03984526938094784,2.019090317457439e-30,82704,F03
CD8,CD8A,0.038255508206960886,3.5952779008796064e-28,0.04128292195382735,1.5557920140353386e-32,82704,F03
CD20,MS4A1,0.05019734830446443,2.7036629999364816e-47,0.20071569661968802,0.0,82704,F03
CD68,CD68,0.04457982742944622,1.1638252425302395e-37,0.0454255823250186,4.875271736130274e-39,82704,F03
CD31,PECAM1,0.0506651324062597,3.788654510385354e-48,0.08198263889013202,2.6262084983599645e-123,82704,F03
CD11c,ITGAX,0.00021635714096821147,0.9503878723270602,0.00043222449485441454,0.9010788893050848,82704,F03
HLA-DR,HLA-DRA,0.4080491559097719,0.0,0.35215361769391024,0.0,82700,F03
aSMA,ACTA2,0.14231129349000776,0.0,0.1955309680913739,0.0,82704,F03
KI67,MKI67,0.0011389668341089743,0.7432574596576332,-0.0006054524095092464,0.8617749092048024,82704,F03
PD1,PDCD1,0.007365466476957276,0.03415983551941799,0.006099934710674284,0.07939152937028422,82704,F03
PDL1,CD274,-0.0005537088483711054,0.8734838284038222,-0.0005911567179810102,0.8650069229727235,82704,F03
FOXP3,FOXP3,0.0009045394864576267,0.7947663290907403,-0.010226568546704886,0.0032713337859685836,82704,F03
CD3,CD3D,-0.0055493663143065496,0.23626539367168692,0.010359051023964934,0.027041235525773206,45552,G03
CD3,CD3E,-0.019046631524824754,4.7948485891179304e-05,-0.01444567577427307,0.0020476109693026985,45553,G03
CD4,CD4,0.016884995345277393,0.0003119915621086964,0.014876083526203072,0.0014923933750313019,45583,G03
CD8,CD8A,0.021713828255230938,3.545983133128058e-06,0.02459127394111396,1.5133302785718047e-07,45583,G03
CD20,MS4A1,0.03397861666728368,3.975560758753385e-13,0.018657133002065354,6.788819809333801e-05,45583,G03
CD68,CD68,0.029974230594705407,1.5455128765162667e-10,0.02447186547496578,1.737551068192622e-07,45583,G03
CD31,PECAM1,0.08095635473202474,3.801266566315686e-67,0.10293346717364571,1.347595486676379e-107,45583,G03
CD11c,ITGAX,0.018695326533849126,6.559457200625537e-05,0.0026064572207497735,0.5778903632015333,45583,G03
HLA-DR,HLA-DRA,0.06517747228395512,4.1673132227495153e-44,0.08664599228719039,1.1099031455000815e-76,45583,G03
aSMA,ACTA2,0.08747710757713983,3.9614178333389383e-78,0.12148704814721854,2.0708850741944595e-149,45583,G03
KI67,MKI67,0.002837562086967014,0.544641529164343,-0.0016902109907084334,0.7182090581714149,45583,G03
PD1,PDCD1,0.01692368652561953,0.0003022120632247581,0.010808457327940196,0.021019794566802443,45583,G03
PDL1,CD274,0.026740218693340288,1.1301068181377094e-08,0.005591043080622095,0.23260547092878106,45583,G03
FOXP3,FOXP3,0.02190178434091993,2.9180962752057543e-06,0.011270448200794076,0.016116308230040333,45583,G03
CD3,CD3D,0.04111504591153008,8.62296623371461e-15,0.0462497405204718,2.5938073475248815e-18,35577,H03
CD3,CD3E,0.0169624513279739,0.0013764104823789569,0.022982920547206888,1.4547676758236895e-05,35577,H03
CD4,CD4,0.020659763314545745,9.717715081916766e-05,0.009053181067237655,0.08767979086167275,35585,H03
CD8,CD8A,0.06821417079005447,5.650044228613936e-38,0.07993246223931265,1.5688749008539887e-51,35585,H03
CD20,MS4A1,0.0564285980111529,1.692025486493755e-26,0.036554973301048156,5.2818358215185536e-12,35585,H03
CD68,CD68,0.04491215720286194,2.3266326691516795e-17,0.03599578386533614,1.1043445761154978e-11,35585,H03
CD31,PECAM1,0.1416754051752091,6.398528092177224e-159,0.19966008480863998,9.9475523e-317,35585,H03
CD11c,ITGAX,0.029135300333969223,3.8619062275511895e-08,0.0039457245038845914,0.4566963909956706,35585,H03
HLA-DR,HLA-DRA,0.10008622172931556,6.818053523623122e-80,0.12091113704976514,5.596618397584241e-116,35585,H03
aSMA,ACTA2,0.14683712454484973,1.0942509232347018e-170,0.20808183268147323,0.0,35585,H03
KI67,MKI67,0.0027426737272069207,0.6049045908745012,0.000529054932258288,0.9205052087081987,35585,H03
PD1,PDCD1,0.03935169113102655,1.1200439662936895e-13,0.013183643609870392,0.012883209600850782,35585,H03
PDL1,CD274,-0.007088123742765077,0.18119895438036987,-0.011373106201307175,0.03191965898387426,35585,H03
FOXP3,FOXP3,0.007576644091155841,0.15293887031065795,0.005669802606244084,0.2848345918070293,35585,H03
CD3,CD3D,0.05808688973949355,3.291286102622975e-98,0.09687776016377224,2.220811453309789e-270,130891,A04
CD3,CD3E,0.04722875412327856,1.5839632129827923e-65,0.0775185750320106,1.3986896029160976e-173,130891,A04
CD4,CD4,0.1835810281098253,0.0,0.17086358738402055,0.0,130891,A04
CD8,CD8A,0.06943275581636188,1.4098254003609299e-139,0.19249858983960313,0.0,130891,A04
CD20,MS4A1,-0.010446238387576127,0.0001572085384193202,0.059011472536934305,2.6470583348264666e-101,130891,A04
CD68,CD68,0.22483022443210088,0.0,0.3695602343010534,0.0,130891,A04
CD31,PECAM1,0.276687270140396,0.0,0.387250208341895,0.0,130891,A04
CD11c,ITGAX,0.0773852553942508,5.4572826620331966e-173,0.0828921536264243,2.8743134006877573e-198,130891,A04
HLA-DR,HLA-DRA,0.381454561322703,0.0,0.36627531761332405,0.0,130891,A04
aSMA,ACTA2,0.31141799370890433,0.0,0.2855675545804942,0.0,130891,A04
KI67,MKI67,0.0023189757910386166,0.40148493853974254,0.0047085338881187894,0.08847694731136094,130891,A04
PD1,PDCD1,0.013021046605337505,2.464787258747059e-06,0.005454815632109598,0.04844021673576157,130891,A04
PDL1,CD274,0.014342079243285498,2.1140567982108185e-07,0.010724029778134489,0.0001044966883651726,130891,A04
FOXP3,FOXP3,0.007917999863145455,0.004174575609909846,0.008899043713605505,0.0012836703896317808,130891,A04
CD3,CD3D,0.20996995807923724,0.0,0.16535535280798888,0.0,119211,B04
CD3,CD3E,0.19425378681813715,0.0,0.15317489899289033,0.0,119211,B04
CD4,CD4,0.11299469389666095,0.0,0.059402389345208625,1.2169691774248066e-93,119211,B04
CD8,CD8A,0.3097446293459331,0.0,0.24071815311124717,0.0,119211,B04
CD20,MS4A1,0.015555519456966278,7.825153308950578e-08,0.027492021903290656,2.2265468498366272e-21,119211,B04
CD68,CD68,0.23191048763075162,0.0,0.2162070621596643,0.0,119211,B04
CD31,PECAM1,0.24962971833559522,0.0,0.21040131568495896,0.0,119211,B04
CD11c,ITGAX,0.06365426056286849,2.882748821660125e-107,0.04316490937263272,2.8240556485432897e-50,119211,B04
HLA-DR,HLA-DRA,0.2936018009564858,0.0,0.23830225593777948,0.0,119211,B04
aSMA,ACTA2,0.2021761258958497,0.0,0.18472507841302874,0.0,119211,B04
KI67,MKI67,-0.0019493334856857704,0.50092254213843,-0.002158225839415777,0.45617347503813616,119211,B04
PD1,PDCD1,0.021113081452588514,3.089481536863412e-13,0.001933969394785832,0.5043032806703818,119211,B04
PDL1,CD274,0.048714547223926576,1.4844852578771204e-63,0.033085553852784076,3.085006092707774e-30,119211,B04
FOXP3,FOXP3,0.012429053014986912,1.7747566174165715e-05,-0.0026112888718169388,0.3672745022264086,119211,B04
CD3,CD3D,0.21179265750775458,0.0,0.13332754931897364,0.0,89387,C04
CD3,CD3E,0.19964037112373728,0.0,0.124983039871517,5.517816104636514e-308,89387,C04
CD4,CD4,0.16540052091055837,0.0,0.08223587220515861,6.337310385510937e-134,89387,C04
CD8,CD8A,0.3664916000321247,0.0,0.3062771016036882,0.0,89387,C04
CD20,MS4A1,0.023360088935967166,2.8490655195200806e-12,0.09308799444315907,3.4003203268799206e-171,89387,C04
CD68,CD68,0.36969540230128156,0.0,0.2962611282744304,0.0,89387,C04
CD31,PECAM1,0.30397676667741996,0.0,0.34284029017537326,0.0,89387,C04
CD11c,ITGAX,0.07951203252357389,2.6560608679572753e-125,0.05815395172450448,8.085797039891623e-68,89387,C04
HLA-DR,HLA-DRA,0.5330427749277965,0.0,0.3745884601785594,0.0,89387,C04
aSMA,ACTA2,0.2585599977218361,0.0,0.2948846988595313,0.0,89387,C04
KI67,MKI67,-0.001195621711653422,0.720748941807229,-0.00092831996394917,0.7813638733556708,89387,C04
PD1,PDCD1,0.029937164541390036,3.4785951542705017e-19,0.004321709235746575,0.19633018763487733,89387,C04
PDL1,CD274,0.0654052290898078,2.5105519551870693e-85,0.046837398497442166,1.3392839738931113e-44,89387,C04
FOXP3,FOXP3,0.020127180964144977,1.7649655768962497e-09,0.004810360810019464,0.15038484114322587,89387,C04
CD3,CD3D,0.21860437810832706,0.0,0.1579882433082097,0.0,169682,D04
CD3,CD3E,0.2123089187447637,0.0,0.1528004244002627,0.0,169682,D04
CD4,CD4,0.17469131988977443,0.0,0.09316916551881549,0.0,169682,D04
CD8,CD8A,0.33165054273414507,0.0,0.2760269187669641,0.0,169683,D04
CD20,MS4A1,0.06017057881735383,7.340569881611638e-136,0.07776903706175546,7.526414474966516e-226,169682,D04
CD68,CD68,0.3462843754276136,0.0,0.3051638317092087,0.0,169682,D04
CD31,PECAM1,0.27494859143713724,0.0,0.2919512082810185,0.0,169682,D04
CD11c,ITGAX,0.0711868937004015,1.745831247671353e-189,0.04655280602025807,4.7976788399613105e-82,169682,D04
HLA-DR,HLA-DRA,0.37307835464950534,0.0,0.28231474813349844,0.0,169682,D04
aSMA,ACTA2,0.19791792542926212,0.0,0.21327629348431962,0.0,169682,D04
KI67,MKI67,0.0016531247733663557,0.49589777645024613,-0.00012378997769257142,0.9593320704683469,169682,D04
PD1,PDCD1,0.03525690119715982,8.095926023729587e-48,0.00714506748072014,0.003247810985186914,169683,D04
PDL1,CD274,0.07431635610948088,2.266392415614676e-206,0.06115015692441568,2.90342485426292e-140,169683,D04
FOXP3,FOXP3,0.02380531105198976,1.0468860989884094e-22,0.003224525007222298,0.1840924799115411,169683,D04
CD3,CD3D,0.1933022105115313,0.0,0.12098775177473406,4.209706430121475e-220,68013,E04
CD3,CD3E,0.1567075970170569,0.0,0.09581808876656998,1.936366052138363e-138,68013,E04
CD4,CD4,0.2783512494394758,0.0,0.20227983581313827,0.0,68014,E04
CD8,CD8A,0.1450352643433459,0.0,0.2623301882062392,0.0,68014,E04
CD20,MS4A1,0.0021089282516335577,0.582327386711007,0.03663631444744143,1.2052119912360366e-21,68014,E04
CD68,CD68,0.33633490774691394,0.0,0.35393631259759273,0.0,68014,E04
CD31,PECAM1,0.25459947890783596,0.0,0.25776262329343913,0.0,68014,E04
CD11c,ITGAX,0.12435812594986492,1.6226860862903005e-232,0.11605750473451903,1.3965736881765054e-202,68014,E04
HLA-DR,HLA-DRA,0.3381743967647372,0.0,0.24964512411272255,0.0,68014,E04
aSMA,ACTA2,0.29752762059351623,0.0,0.20359824474244964,0.0,68014,E04
KI67,MKI67,0.004732452258184109,0.21713441391140037,0.00437994377476326,0.25334943127434395,68014,E04
PD1,PDCD1,0.03564346943592337,1.4254815303390147e-20,0.011052992814459208,0.003944083646829065,68014,E04
PDL1,CD274,0.10155942836266978,2.2859864634524666e-155,0.0966472596434845,7.986304963900669e-141,68014,E04
FOXP3,FOXP3,0.03001506567905853,4.9021464336138965e-15,0.010504122559636878,0.006154259558948384,68014,E04
CD3,CD3D,0.12480689066785258,4.200944727117781e-271,0.048246584778362606,7.522886091588342e-42,78831,F04
CD3,CD3E,0.10699145979026917,2.2215016362777096e-199,0.04172558876996462,1.0049064909549e-31,78831,F04
CD4,CD4,0.25286640915126724,0.0,0.13471292744085564,6.7538333e-316,78831,F04
CD8,CD8A,0.15199092810805193,0.0,0.20630073138902286,0.0,78831,F04
CD20,MS4A1,0.044442509114487196,9.124786952763133e-36,0.10002541767307702,2.130156809937578e-174,78831,F04
CD68,CD68,0.3476069350865089,0.0,0.3392688927395767,0.0,78831,F04
CD31,PECAM1,0.23170336001585537,0.0,0.22679883638497964,0.0,78831,F04
CD11c,ITGAX,0.11889198667427564,4.904585903219823e-246,0.11720411439762757,4.116532641271866e-239,78831,F04
HLA-DR,HLA-DRA,0.3494399617890244,0.0,0.21539017955349557,0.0,78831,F04
aSMA,ACTA2,0.30609031417214616,0.0,0.24871650592168912,0.0,78831,F04
KI67,MKI67,0.006349893598299289,0.07461229359391258,0.004407852498101491,0.2158744647091273,78831,F04
PD1,PDCD1,0.031161462273970923,2.111968228973573e-18,0.01016744092683261,0.004307389875371077,78831,F04
PDL1,CD274,0.11432343620398397,1.5741435425997895e-227,0.08330406150591595,2.1380986892191367e-121,78831,F04
FOXP3,FOXP3,0.02354629150359824,3.79493183542025e-11,0.00036873414478044605,0.9175444621656942,78831,F04
CD3,CD3D,0.16516816779628404,0.0,0.17341055396127367,0.0,64141,G04
CD3,CD3E,0.12099836043225101,9.907583088682486e-208,0.12178797708544223,1.9192677352174538e-210,64142,G04
CD4,CD4,0.23827812343327587,0.0,0.14516100181172414,4.939455308096979e-299,64147,G04
CD8,CD8A,0.1741089626679983,0.0,0.2865047200526848,0.0,64145,G04
CD20,MS4A1,0.026150019943883825,3.495239776132242e-11,0.03851643368824942,1.6962698353795702e-22,64146,G04
CD68,CD68,0.3082063183744547,0.0,0.3066436169633496,0.0,64147,G04
CD31,PECAM1,0.2176631497140147,0.0,0.22456501833252598,0.0,64147,G04
CD11c,ITGAX,0.09497591973216014,2.0192821730362613e-128,0.08363907401793833,6.208124942613086e-100,64147,G04
HLA-DR,HLA-DRA,0.2898462751583069,0.0,0.15750287708493715,0.0,64147,G04
aSMA,ACTA2,0.2790344601216874,0.0,0.21500797572370017,0.0,64147,G04
KI67,MKI67,0.007555889620107108,0.05565981792358855,0.011015899003863495,0.0052699016077121805,64147,G04
PD1,PDCD1,0.04149862796228246,7.384589140924299e-26,0.0058423127504461155,0.13895828684938966,64147,G04
PDL1,CD274,0.07920205665100909,8.86700042129015e-90,0.05545267159058613,7.159742850415941e-45,64147,G04
FOXP3,FOXP3,0.03095170793904762,4.471696078093957e-15,0.0032476948465901714,0.4107706580851989,64147,G04
CD3,CD3D,-0.004541339674931874,0.4142041416108849,0.008359146959769727,0.13284804899889768,32329,H04
CD3,CD3E,-0.005558607999862831,0.3175904843917109,0.010964133496250352,0.04868231336453206,32329,H04
CD4,CD4,0.05706593329026618,9.683248579315697e-25,0.031064730402827742,2.30911776669522e-08,32334,H04
CD8,CD8A,0.039719475853664823,9.015117257311254e-13,0.06338773461293934,3.761790175653313e-30,32334,H04
CD20,MS4A1,0.03754327900390592,1.4479560909556754e-11,0.05583569462833902,9.410003626963597e-24,32334,H04
CD68,CD68,0.1301926302938008,3.2222984766910036e-122,0.11364444566635243,2.117469920354727e-93,32334,H04
CD31,PECAM1,0.1051606598000392,3.549358045303151e-80,0.157272465598084,4.066224677659396e-178,32334,H04
CD11c,ITGAX,-0.0076861143811607895,0.16695397589514643,-0.008308407747275013,0.13518674489478447,32334,H04
HLA-DR,HLA-DRA,0.2909433024880715,0.0,0.30985592342979956,0.0,32334,H04
aSMA,ACTA2,0.17537914615332395,1.167331941745194e-221,0.1828593080001442,4.08940905527897e-241,32334,H04
KI67,MKI67,,,,,32334,H04
PD1,PDCD1,0.008447671971449027,0.1287625460669719,0.0006866492762852925,0.9017379687937123,32334,H04
PDL1,CD274,0.020863853520373114,0.0001754784913319604,-0.0044898792115320146,0.41947779520413087,32334,H04
FOXP3,FOXP3,0.002418023697726998,0.6637188120348185,-0.005891308445537333,0.2894526428130162,32334,H04
