,I,pval_norm,var_norm,pval_z_sim,pval_sim,var_sim,pval_norm_fdr_bh,pval_z_sim_fdr_bh,pval_sim_fdr_bh,sample
HMGCS2,0.41376758863900714,0.0,0.0004923839314152941,0.0,0.009900990099009901,0.000494979352721463,0.0,0.0,0.016501650165016504,YP03A
GBP6,0.40798164176103346,0.0,0.0004923839314152941,0.0,0.009900990099009901,0.0003979919765411519,0.0,0.0,0.016501650165016504,YP03A
TACSTD2,0.3111516938717005,0.0,0.0004923839314152941,0.0,0.009900990099009901,0.00038597459358296997,0.0,0.0,0.016501650165016504,YP03A
C1QB,0.29791700788390546,0.0,0.0004923839314152941,0.0,0.009900990099009901,0.0004994903935999452,0.0,0.0,0.016501650165016504,YP03A
C1QA,0.2932471684021235,0.0,0.0004923839314152941,0.0,0.009900990099009901,0.0004650669621281761,0.0,0.0,0.016501650165016504,YP03A
PLA2G2A,0.271413823090411,0.0,0.0004923839314152941,0.0,0.009900990099009901,0.00042045649027647435,0.0,0.0,0.016501650165016504,YP03A
VAV3,0.2452642567556797,0.0,0.0004923839314152941,0.0,0.009900990099009901,0.00047813729289455914,0.0,0.0,0.016501650165016504,YP03A
CAMK2N1,0.22151244868802225,0.0,0.0004923839314152941,0.0,0.009900990099009901,0.000340887155416195,0.0,0.0,0.016501650165016504,YP03A
TMEM54,0.21814586871194838,0.0,0.0004923839314152941,0.0,0.009900990099009901,0.00040810891101588997,0.0,0.0,0.016501650165016504,YP03A
LMO4,0.21118216374981108,0.0,0.0004923839314152941,0.0,0.009900990099009901,0.0003210457251539277,0.0,0.0,0.016501650165016504,YP03A
SLC35D1,0.2005864471044035,0.0,0.0004923839314152941,0.0,0.009900990099009901,0.0005073437104014761,0.0,0.0,0.016501650165016504,YP03A
IFFO2,0.1977665458174277,0.0,0.0004923839314152941,0.0,0.009900990099009901,0.00030675265625318426,0.0,0.0,0.016501650165016504,YP03A
DHRS3,0.18901760168461243,0.0,0.0004923839314152941,0.0,0.009900990099009901,0.00028749818573702105,0.0,0.0,0.016501650165016504,YP03A
DDAH1,0.18390807426601039,0.0,0.0004923839314152941,0.0,0.009900990099009901,0.00034568672352453347,0.0,0.0,0.016501650165016504,YP03A
GBP4,0.17583950261662926,7.771561172376096e-16,0.0004923839314152941,0.0,0.009900990099009901,0.0003513308863126982,5.181040781584064e-15,0.0,0.016501650165016504,YP03A
TSPAN1,0.1713617462715557,3.885780586188048e-15,0.0004923839314152941,0.0,0.009900990099009901,0.00032897690988016386,2.42861286636753e-14,0.0,0.016501650165016504,YP03A
PHGDH,0.16983174066326107,6.772360450213455e-15,0.0004923839314152941,0.0,0.009900990099009901,0.00031833757873534515,3.983741441302032e-14,0.0,0.016501650165016504,YP03A
GSTM3,0.1682620577600322,1.176836406102666e-14,0.0004923839314152941,0.0,0.009900990099009901,0.00038243080568550926,6.5379800339037e-14,0.0,0.016501650165016504,YP03A
ATP1A1,0.16506508741631673,3.5416114485542494e-14,0.0004923839314152941,6.661338147750939e-16,0.009900990099009901,0.00042545898111508336,1.8640060255548682e-13,2.7755575615628914e-15,0.016501650165016504,YP03A
EPHA2,0.1540530546568785,1.3756773498130315e-12,0.0004923839314152941,1.1102230246251565e-16,0.009900990099009901,0.0003402150291345946,6.878386749065157e-12,4.827056628805028e-16,0.016501650165016504,YP03A
CSDE1,0.1532370256510755,1.7866819135292644e-12,0.0004923839314152941,1.1102230246251565e-16,0.009900990099009901,0.00032852035260935974,8.508009112044117e-12,4.827056628805028e-16,0.016501650165016504,YP03A
RNF186,0.15039055793372794,4.401701225731358e-12,0.0004923839314152941,1.1102230246251565e-16,0.009900990099009901,0.00032719078096710353,2.0007732844233445e-11,4.827056628805028e-16,0.016501650165016504,YP03A
DPYD,0.14734367137487595,1.1349698958440513e-11,0.0004923839314152941,1.1102230246251565e-16,0.009900990099009901,0.00031993442553707044,4.934651721061092e-11,4.827056628805028e-16,0.016501650165016504,YP03A
SORT1,0.14488656523109,2.4036994616949414e-11,0.0004923839314152941,7.993605777301127e-15,0.009900990099009901,0.0003570970680526948,1.0015414423728923e-10,3.074463760500433e-14,0.016501650165016504,YP03A
PRXL2B,0.13733918226269606,2.2351720474489412e-10,0.0004923839314152941,2.9398705692074145e-13,0.009900990099009901,0.00035181244985834465,8.940688189795765e-10,1.0499537747169337e-12,0.016501650165016504,YP03A
LAMTOR5,0.13067510104155525,1.4573696693886973e-09,0.0004923839314152941,3.219646771412954e-15,0.009900990099009901,0.00028736014647123977,5.605267959187297e-09,1.2878587085651816e-14,0.016501650165016504,YP03A
WDR77,0.12785701865958282,3.1361682140129687e-09,0.0004923839314152941,5.030420524576584e-13,0.009900990099009901,0.00033146113542407827,1.1615437829677661e-08,1.734627767095374e-12,0.016501650165016504,YP03A
CDC20,0.12639440300909593,4.639273853968007e-09,0.0004923839314152941,1.1102230246251565e-16,0.009900990099009901,0.0002359367649139119,1.656883519274288e-08,4.827056628805028e-16,0.016501650165016504,YP03A
MAST2,0.12594292336484195,5.230821331636548e-09,0.0004923839314152941,1.025051155068013e-10,0.009900990099009901,0.0003828771440908485,1.8037314936677755e-08,3.306616629251655e-10,0.016501650165016504,YP03A
HSPG2,0.11168479770743264,1.8820726110924113e-07,0.0004923839314152941,1.2843526242534153e-09,0.009900990099009901,0.00035064891786536684,6.273575370308038e-07,3.7775077183923975e-09,0.016501650165016504,YP03A
MOV10,0.11111426488551865,2.1541800798718924e-07,0.0004923839314152941,7.702485538274573e-09,0.009900990099009901,0.00038813635784128354,6.94896799958675e-07,2.0269698784933086e-08,0.016501650165016504,YP03A
GBP3,0.11081732330476042,2.3104414437202792e-07,0.0004923839314152941,3.293554873273763e-09,0.009900990099009901,0.00034291897458855087,7.220129511625872e-07,8.901499657496656e-09,0.016501650165016504,YP03A
GALE,0.10906505201509538,3.480420065482548e-07,0.0004923839314152941,5.099373145966979e-10,0.009900990099009901,0.0003050741203994843,1.0546727471159236e-06,1.593554108114681e-09,0.016501650165016504,YP03A
ATP5PB,0.10409891645971557,1.0757355101143062e-06,0.0004923839314152941,5.83810254584094e-08,0.009900990099009901,0.0003963919125822865,3.16392797092443e-06,1.4239274502051074e-07,0.016501650165016504,YP03A
WLS,0.10344354333252025,1.243975349951576e-06,0.0004923839314152941,1.4013882554397838e-07,0.009900990099009901,0.00038784023353730703,3.5542152855759316e-06,3.259042454511125e-07,0.016501650165016504,YP03A
DENND2D,0.10287600643077445,1.40982496121822e-06,0.0004923839314152941,2.28706247273891e-08,0.009900990099009901,0.0003492292235454155,3.9161804478283895e-06,5.864262750612589e-08,0.016501650165016504,YP03A
PRDM16,0.10208062385633461,1.6783359840788492e-06,0.0004923839314152941,2.5091040356528538e-14,0.009900990099009901,0.00019617993802816536,4.536043200213106e-06,9.292977909825383e-14,0.016501650165016504,YP03A
CTTNBP2NL,0.10175474898357753,1.8019561853765964e-06,0.0004923839314152941,4.109456952505752e-08,0.009900990099009901,0.0003332681470117171,4.741989961517359e-06,1.0273642381264381e-07,0.016501650165016504,YP03A
PSMA5,0.10042924521907066,2.4008236391148685e-06,0.0004923839314152941,3.4745872845576287e-11,0.009900990099009901,0.00023483350304447006,6.155958049012483e-06,1.1581957615192096e-10,0.016501650165016504,YP03A
SLC35A3,0.0925485564242718,1.231726157213675e-05,0.0004923839314152941,5.678830738986562e-10,0.009900990099009901,0.00023618620811259556,3.079315393034188e-05,1.7208577996928975e-09,0.016501650165016504,YP03A
AGMAT,0.09240026291680144,1.268743765792113e-05,0.0004923839314152941,3.133513448716485e-09,0.009900990099009901,0.0002540652495679144,3.094496989736861e-05,8.704204024212459e-09,0.016501650165016504,YP03A
MAGI3,0.09133196834259746,1.5684339769506117e-05,0.0004923839314152941,1.5705015066203032e-09,0.009900990099009901,0.00024393524549911109,3.734366611787171e-05,4.487147161772295e-09,0.016501650165016504,YP03A
GUCA2A,0.0851409849382657,5.131396218360784e-05,0.0004923839314152941,0.00035682749238807876,0.019801980198019802,0.0006113754775077952,0.0001193347957758322,0.0006260131445404891,0.03094059405940594,YP03A
NR0B2,0.08304573324026059,7.53633840769874e-05,0.0004923839314152941,5.535653456290035e-06,0.009900990099009901,0.00036910320077696387,0.00017128041835678953,1.1297251951612316e-05,0.016501650165016504,YP03A
RAP1GAP,0.08010632577128234,0.0001273923478459782,0.0004923839314152941,1.08449254576648e-07,0.009900990099009901,0.00023952954865754712,0.00028150548711259737,2.5821251089678097e-07,0.016501650165016504,YP03A
HOOK1,0.08001324658354597,0.0001294925240717948,0.0004923839314152941,2.843299102162078e-05,0.009900990099009901,0.00037087981720849414,0.00028150548711259737,5.36471528709826e-05,0.016501650165016504,YP03A
SLC30A7,0.07831016037419035,0.0001741418768707037,0.0004923839314152941,2.59314931088106e-05,0.009900990099009901,0.0003836496458057588,0.0003705146316397951,5.084606491923647e-05,0.016501650165016504,YP03A
CLCA4,0.07710791647582767,0.00021392929703023533,0.0004923839314152941,2.457850021730934e-06,0.009900990099009901,0.0002860560346776738,0.00044568603547965696,5.229468131342413e-06,0.016501650165016504,YP03A
HSPB7,0.07657979420180935,0.00023396294879929336,0.0004923839314152941,1.8949168623105805e-07,0.009900990099009901,0.00024745236265518014,0.0004774754057128436,4.306629232524047e-07,0.016501650165016504,YP03A
FNBP1L,0.07576334502050878,0.00026840592713373024,0.0004923839314152941,2.582781390314537e-05,0.009900990099009901,0.00033546675321051114,0.000529456657208437,5.084606491923647e-05,0.016501650165016504,YP03A
IL22RA1,0.07572746482255557,0.00027002289517630285,0.0004923839314152941,3.55905670877954e-05,0.009900990099009901,0.0003614798664111906,0.000529456657208437,6.590845756999148e-05,0.016501650165016504,YP03A
ESPN,0.07506676649711441,0.0003014686327088567,0.0004923839314152941,2.3783371326802083e-06,0.009900990099009901,0.000262118849394278,0.0005797473705939552,5.170298114522192e-06,0.016501650165016504,YP03A
GBP2,0.07442844783471408,0.0003350571540661207,0.0004923839314152941,8.85732302169373e-07,0.009900990099009901,0.0002574082016588358,0.0006295252899063613,1.968294004820829e-06,0.016501650165016504,YP03A
PLEKHG5,0.07434058906587199,0.00033994365654943515,0.0004923839314152941,4.923651207633384e-06,0.009900990099009901,0.0002644988229058337,0.0006295252899063613,1.025760668256955e-05,0.016501650165016504,YP03A
AHCYL1,0.07230239226893155,0.0004736793540043305,0.0004923839314152941,0.0005250478071555653,0.019801980198019802,0.0004720563149565975,0.0008612351890987827,0.0008899115375518057,0.03094059405940594,YP03A
PRDX1,0.06643736519637708,0.0011774120861376414,0.0004923839314152941,0.00041708806538409693,0.009900990099009901,0.0003684360871490456,0.002102521582388645,0.000719117354110512,0.016501650165016504,YP03A
CLCA1,0.06305291526992504,0.0019331160592243046,0.0004923839314152941,0.00021061605044947473,0.009900990099009901,0.0003136617098223824,0.0033914316828496573,0.0003829382735444995,0.016501650165016504,YP03A
STRIP1,0.0608601254777718,0.002634958014250288,0.0004923839314152941,2.816146249851048e-05,0.009900990099009901,0.0002271738057278064,0.004543031059052221,5.36471528709826e-05,0.016501650165016504,YP03A
KDM4A,0.056784050855883735,0.004575476767494924,0.0004923839314152941,0.00024812497325577,0.009900990099009901,0.00025799009851657764,0.0077550453686354645,0.0004430803093853035,0.016501650165016504,YP03A
ATAD3A,0.05257922836402283,0.007827336522202022,0.0004923839314152941,0.00118374110702546,0.009900990099009901,0.0003111216085047296,0.013045560870336703,0.0019729018450424336,0.016501650165016504,YP03A
ZNHIT6,0.03777157598470661,0.04009814728066197,0.0004923839314152941,0.010390285345774353,0.009900990099009901,0.00024408102332607905,0.06469499928975801,0.016492516421864053,0.016501650165016504,YP03A
SIKE1,0.037768299231642675,0.04011089955964997,0.0004923839314152941,0.013850849766350204,0.039603960396039604,0.0003051622465387003,0.06469499928975801,0.021308999640538773,0.059110388650805375,YP03A
ARID1A,0.03755466595584884,0.04094944148909885,0.0004923839314152941,0.009278030481532307,0.009900990099009901,0.0002703692947337882,0.06499911347476008,0.014964565292794043,0.016501650165016504,YP03A
REG4,0.3969982189063424,0.0,0.0009343305236229041,0.0,0.009900990099009901,0.0007524109964911176,0.0,0.0,0.05500550055005501,YP03C
CLCA1,0.31649605971038197,0.0,0.0009343305236229041,0.0,0.009900990099009901,0.000859974819471623,0.0,0.0,0.05500550055005501,YP03C
KIAA1324,0.26312911128801947,0.0,0.0009343305236229041,0.0,0.009900990099009901,0.0007837268029649609,0.0,0.0,0.05500550055005501,YP03C
CCN1,0.21074782856068552,2.0656809596175663e-12,0.0009343305236229041,3.6637359812630166e-15,0.009900990099009901,0.0007314448061632935,5.1642023990439156e-11,7.327471962526033e-14,0.05500550055005501,YP03C
WNT4,0.16009697433698272,6.617599290770215e-08,0.0009343305236229041,3.3306690738754696e-16,0.009900990099009901,0.00039868871136867383,1.323519858154043e-06,8.326672684688674e-15,0.05500550055005501,YP03C
C1QC,0.13996229589293355,1.9480547420736016e-06,0.0009343305236229041,3.305389850716267e-09,0.009900990099009901,0.000569003828382319,3.246757903456003e-05,5.508983084527112e-08,0.05500550055005501,YP03C
FABP3,0.10262768081698473,0.0003425932522618247,0.0009343305236229041,0.0001796758552609079,0.009900990099009901,0.0007422119570793509,0.004894189318026067,0.0022459481907613488,0.05500550055005501,YP03C
USP48,0.08121821497913685,0.003519180627132079,0.0009343305236229041,0.0011418142821788546,0.009900990099009901,0.0007161487944463848,0.04398975783915099,0.011418142821788546,0.05500550055005501,YP03C
CITED4,0.07759690361595609,0.004989562744408982,0.0009343305236229041,4.06866038902276e-05,0.009900990099009901,0.0004622434440862388,0.05543958604898869,0.0005812371984318228,0.05500550055005501,YP03C
ZYG11B,0.0677653322983292,0.012069493781882823,0.0009343305236229041,0.005025998352569783,0.019801980198019802,0.000687591263065402,0.12069493781882823,0.04569089411427075,0.09000900090009001,YP03C
COL11A1,0.06055794991546249,0.02173743575082343,0.0009343305236229041,0.0007444574543654658,0.009900990099009901,0.0003848198197534604,0.197613052280213,0.00827174949294962,0.05500550055005501,YP03C
HMGCS2,0.050600241440576364,0.04519440651705464,0.0009343305236229041,0.01188459364683625,0.039603960396039604,0.0005127361511983185,0.3766200543087887,0.09903828039030209,0.14668133480014667,YP03C
PLA2G2A,0.3910536948253803,0.0,0.00027697916209538004,0.0,0.009900990099009901,0.00031942019703963006,0.0,0.0,0.029120559114735,YP04C
TACSTD2,0.37271507097530404,0.0,0.00027697916209538004,0.0,0.009900990099009901,0.00024239330578433227,0.0,0.0,0.029120559114735,YP04C
SFN,0.2347780487446644,0.0,0.00027697916209538004,0.0,0.009900990099009901,0.00021337752225542402,0.0,0.0,0.029120559114735,YP04C
CD52,0.23220386907904153,0.0,0.00027697916209538004,0.0,0.009900990099009901,0.00022438700423124496,0.0,0.0,0.029120559114735,YP04C
REG4,0.23054393190397585,0.0,0.00027697916209538004,0.0,0.009900990099009901,0.00022028442708715775,0.0,0.0,0.029120559114735,YP04C
SLC2A1,0.2105686998870983,0.0,0.00027697916209538004,0.0,0.009900990099009901,0.00027800680662234045,0.0,0.0,0.029120559114735,YP04C
ISG15,0.19488958068221013,0.0,0.00027697916209538004,0.0,0.009900990099009901,0.00020243505986361723,0.0,0.0,0.029120559114735,YP04C
TSPAN1,0.1910666680625172,0.0,0.00027697916209538004,0.0,0.009900990099009901,0.0001924884129748528,0.0,0.0,0.029120559114735,YP04C
AGRN,0.16237012468605933,0.0,0.00027697916209538004,0.0,0.009900990099009901,0.00020156221639789265,0.0,0.0,0.029120559114735,YP04C
SMAP2,0.1622008652706671,0.0,0.00027697916209538004,0.0,0.009900990099009901,0.00016427522062676756,0.0,0.0,0.029120559114735,YP04C
COL11A1,0.14253497384365352,0.0,0.00027697916209538004,0.0,0.009900990099009901,0.0001730060946930876,0.0,0.0,0.029120559114735,YP04C
PADI1,0.12791799503418746,5.88418203051333e-15,0.00027697916209538004,0.0,0.009900990099009901,0.00019028486119642804,4.903485025427775e-14,0.0,0.029120559114735,YP04C
PLA2G2D,0.1269415455450841,9.325873406851315e-15,0.00027697916209538004,0.0,0.009900990099009901,0.000232281574513145,7.17374877450101e-14,0.0,0.029120559114735,YP04C
RBP7,0.12106660589542245,1.3777867735598193e-13,0.00027697916209538004,0.0,0.009900990099009901,0.00011105956992964662,9.841334096855851e-13,0.0,0.029120559114735,YP04C
CSF3R,0.11398886868790853,2.9801716650013077e-12,0.00027697916209538004,0.0,0.009900990099009901,0.0001642187398405455,1.986781110000872e-11,0.0,0.029120559114735,YP04C
KIAA1522,0.11353420372897764,3.608890963846534e-12,0.00027697916209538004,0.0,0.009900990099009901,0.00015837529647232213,2.2555568524040837e-11,0.0,0.029120559114735,YP04C
EBNA1BP2,0.10495891071953559,1.1637091290594981e-10,0.00027697916209538004,8.770761894538737e-15,0.009900990099009901,0.00018363616495577117,6.845347817997047e-10,5.159271702669845e-14,0.029120559114735,YP04C
PDZK1IP1,0.10405945315724419,1.650157788191109e-10,0.00027697916209538004,6.772360450213455e-14,0.009900990099009901,0.0001994819252719606,9.167543267728383e-10,3.7624224723408086e-13,0.029120559114735,YP04C
YBX1,0.08246489883606686,3.075235325278314e-07,0.00027697916209538004,2.613869121148582e-10,0.009900990099009901,0.00017406111931962155,1.6185449080412178e-06,1.375720590078201e-09,0.029120559114735,YP04C
DHCR24,0.07222170006486832,6.185238251688041e-06,0.00027697916209538004,2.858703496144699e-09,0.009900990099009901,0.00015968011318458195,3.0926191258440205e-05,1.4293517480723494e-08,0.029120559114735,YP04C
ARHGEF16,0.0631598278023998,6.500001579934356e-05,0.00027697916209538004,1.6238794275924562e-07,0.009900990099009901,0.00015360243882866064,0.00030952388475877885,7.060345337358505e-07,0.029120559114735,YP04C
TTLL7,0.05952554338721161,0.00015423132802516726,0.00027697916209538004,1.2530784410103024e-08,0.009900990099009901,0.00011092046548662416,0.0007010514910234876,5.967040195287154e-08,0.029120559114735,YP04C
PTPRU,0.05835962479700759,0.00020156102213864102,0.00027697916209538004,2.949191713064181e-08,0.009900990099009901,0.00011705842456534615,0.0008763522701680045,1.3405416877564458e-07,0.029120559114735,YP04C
UBXN10,0.05547018953715536,0.0003835297361111101,0.00027697916209538004,9.722706453441088e-05,0.019801980198019802,0.00020019866984607697,0.0015980405671296254,0.00034518537279380616,0.05500550055005501,YP04C
SH3D21,0.05375916904385096,0.0005539141388982705,0.00027697916209538004,3.3268452934831494e-05,0.009900990099009901,0.00016732162313864952,0.002215656555593082,0.00013861855389513122,0.029120559114735,YP04C
SERINC2,0.05168665653925139,0.0008532078084770855,0.00027697916209538004,3.6602900307047825e-05,0.009900990099009901,0.000179493446615268,0.0032815684941426364,0.0001407803857963378,0.029120559114735,YP04C
ZC3H12A,0.05051474443517912,0.0010823226695415578,0.00027697916209538004,0.000184321520864561,0.009900990099009901,0.0001976666425176102,0.004008602479783547,0.0006144050695485367,0.029120559114735,YP04C
IFI44,0.04808541517330441,0.0017462813249859988,0.00027697916209538004,0.00010010375811020378,0.009900990099009901,0.0001732247536544795,0.006236719017807138,0.00034518537279380616,0.029120559114735,YP04C
GPR157,0.04749892114675702,0.001954269836642597,0.00027697916209538004,3.51566540206516e-05,0.009900990099009901,0.00013752613907090883,0.006738861505664128,0.0001406266160826064,0.029120559114735,YP04C
PATJ,0.044211665149016297,0.003594812978055084,0.00027697916209538004,6.412475011863261e-05,0.009900990099009901,0.00013538297072981988,0.011982709926850282,0.0002374990745134541,0.029120559114735,YP04C
ACOT7,0.04030134309657016,0.007084035973963232,0.00027697916209538004,0.0003952941089799822,0.009900990099009901,0.00014169969244882572,0.02285172894826849,0.0012751422870322007,0.029120559114735,YP04C
PDE4B,0.035839747103300054,0.014448374435292455,0.00027697916209538004,0.001517690958803719,0.009900990099009901,0.00015462786515280108,0.04515117011028892,0.004742784246261622,0.029120559114735,YP04C
HES4,0.03207395837820478,0.025078687367355523,0.00027697916209538004,0.003172749904978067,0.009900990099009901,0.0001388758342003339,0.07599602232531977,0.009614393651448687,0.029120559114735,YP04C
CITED4,0.03139867475136454,0.02755271466289022,0.00027697916209538004,0.006188191032908796,0.009900990099009901,0.0001593221244284914,0.08103739606732417,0.018200561861496458,0.029120559114735,YP04C
CEPT1,0.029773617895503535,0.034349045060206085,0.00027697916209538004,0.007281773767827904,0.009900990099009901,0.00015666507210494095,0.09814012874344596,0.020805067908079726,0.029120559114735,YP04C
LRRC47,0.027196686472425347,0.047900390459101105,0.00027697916209538004,0.011421656170008232,0.0297029702970297,0.0001426531091187686,0.13305664016416974,0.03172682269446731,0.0781657113079729,YP04C
SLC35A3,0.02688896161257999,0.04977168246232777,0.00027697916209538004,0.0172269334903965,0.039603960396039604,0.0001442932710612107,0.13451806070899397,0.04443049641708593,0.09659502535619416,YP04C
PLA2G2A,0.5400006583739757,0.0,0.0003115701634083784,0.0,0.009900990099009901,0.0004833746917564458,0.0,0.0,0.02020610224287735,YP12A
CLCA1,0.2507597700424895,0.0,0.0003115701634083784,0.0,0.009900990099009901,0.0002666311449077932,0.0,0.0,0.02020610224287735,YP12A
CLCA2,0.21224969786547496,0.0,0.0003115701634083784,0.0,0.009900990099009901,0.00024002727826546598,0.0,0.0,0.02020610224287735,YP12A
PDZK1IP1,0.20320826924949775,0.0,0.0003115701634083784,0.0,0.009900990099009901,0.0003013764500612708,0.0,0.0,0.02020610224287735,YP12A
MARCKSL1,0.19988187098669863,0.0,0.0003115701634083784,0.0,0.009900990099009901,0.0002540110636951815,0.0,0.0,0.02020610224287735,YP12A
SFN,0.1801282801931323,0.0,0.0003115701634083784,0.0,0.009900990099009901,0.00027402778995034736,0.0,0.0,0.02020610224287735,YP12A
ENO1,0.1776709515695077,0.0,0.0003115701634083784,0.0,0.009900990099009901,0.0003030128332189133,0.0,0.0,0.02020610224287735,YP12A
TRNP1,0.1722342950402506,0.0,0.0003115701634083784,0.0,0.009900990099009901,0.00020255261653673813,0.0,0.0,0.02020610224287735,YP12A
AKR1A1,0.12486074348581853,5.657696533489798e-13,0.0003115701634083784,0.0,0.009900990099009901,0.00017930976047465116,6.286329481655331e-12,0.0,0.02020610224287735,YP12A
TMEM54,0.11892686152839756,6.121880780085576e-12,0.0003115701634083784,0.0,0.009900990099009901,0.0001763579520740231,6.121880780085576e-11,0.0,0.02020610224287735,YP12A
SRM,0.11858060340524415,7.0103922666930885e-12,0.0003115701634083784,2.220446049250313e-16,0.009900990099009901,0.0002158133973385141,6.373083878811899e-11,1.586032892321652e-15,0.02020610224287735,YP12A
ECHDC2,0.11548000327562898,2.3202995080850997e-11,0.0003115701634083784,0.0,0.009900990099009901,0.00018492688419697922,1.9335829234042498e-10,0.0,0.02020610224287735,YP12A
PSMB2,0.11475404649338639,3.0573876763639873e-11,0.0003115701634083784,0.0,0.009900990099009901,0.00013659520254517433,2.3518366741261443e-10,0.0,0.02020610224287735,YP12A
HDAC1,0.11237505135626953,7.463096807214242e-11,0.0003115701634083784,0.0,0.009900990099009901,0.0001308121997965063,5.330783433724458e-10,0.0,0.02020610224287735,YP12A
TSPAN1,0.11196909343883872,8.675271612190727e-11,0.0003115701634083784,9.992007221626409e-16,0.009900990099009901,0.00019288940212201664,5.783514408127152e-10,6.661338147750939e-15,0.02020610224287735,YP12A
ELOVL1,0.11136081000701663,1.085934675515432e-10,0.0003115701634083784,2.041700142285663e-13,0.009900990099009901,0.00023217145360491674,6.78709172197145e-10,1.2010000836974486e-12,0.02020610224287735,YP12A
DHCR24,0.10865369368825162,2.908665530654275e-10,0.0003115701634083784,8.570921750106208e-14,0.009900990099009901,0.00022848674328966644,1.7109797239142795e-09,5.35682609381638e-13,0.02020610224287735,YP12A
NDUFS5,0.09884565204030732,8.519893901492992e-09,0.0003115701634083784,1.697908480480237e-11,0.009900990099009901,0.00021679141311075546,4.733274389718329e-08,9.432824891556872e-11,0.02020610224287735,YP12A
DDAH1,0.0961437724520346,2.0489612895246978e-08,0.0003115701634083784,9.841016890277388e-11,0.009900990099009901,0.00022494466510976415,1.0784006786972093e-07,4.473189495580631e-10,0.02020610224287735,YP12A
PGD,0.09313115207769404,5.306416128725289e-08,0.0003115701634083784,2.334921145319413e-11,0.009900990099009901,0.00019969857596829787,2.6532080643626443e-07,1.1674605726597065e-10,0.02020610224287735,YP12A
GBP2,0.08902446020738265,1.855160373098741e-07,0.0003115701634083784,2.206101967772156e-11,0.009900990099009901,0.00018725957170343682,8.834097014755909e-07,1.1611062988274506e-10,0.02020610224287735,YP12A
RER1,0.0852827910871245,5.544075449837038e-07,0.0003115701634083784,1.8125197676077676e-08,0.009900990099009901,0.00023605526885392007,2.520034295380472e-06,6.971229875414491e-08,0.02020610224287735,YP12A
GALE,0.08414749928920393,7.66230678794777e-07,0.0003115701634083784,3.112710089681059e-11,0.009900990099009901,0.0001647059506241969,3.331437733890335e-06,1.4822428998481233e-10,0.02020610224287735,YP12A
CMPK1,0.08313154536178852,1.0201117742747456e-06,0.0003115701634083784,1.0354394119893584e-08,0.009900990099009901,0.00023318114805439635,4.250465726144774e-06,4.1417576479574336e-08,0.02020610224287735,YP12A
GBP4,0.08165385913292256,1.5379641742363503e-06,0.0003115701634083784,1.520743309058048e-09,0.009900990099009901,0.00018771681256261004,6.151856696945401e-06,6.611927430687165e-09,0.02020610224287735,YP12A
FBLIM1,0.07049210898340634,2.749503479138049e-05,0.0003115701634083784,6.941008765526391e-07,0.009900990099009901,0.000211155319450172,0.00010575013381300188,2.3136695885087972e-06,0.02020610224287735,YP12A
SERINC2,0.06857008596655513,4.3464064566123284e-05,0.0003115701634083784,5.167444749876182e-08,0.009900990099009901,0.0001602105216532499,0.0001609780169115677,1.8455159820986363e-07,0.02020610224287735,YP12A
CDK11A,0.06811922032667829,4.831391624648962e-05,0.0003115701634083784,2.0704588044040406e-09,0.009900990099009901,0.0001375436812350286,0.00017254970088032004,8.626911685016836e-09,0.02020610224287735,YP12A
LRRC41,0.06737180215818125,5.749606892180292e-05,0.0003115701634083784,6.613124016174865e-07,0.009900990099009901,0.00018818745660036148,0.00019826230662690664,2.2803875917844366e-06,0.02020610224287735,YP12A
ARHGEF16,0.06374279037733777,0.00013062602961610992,0.0003115701634083784,1.145567303595385e-05,0.009900990099009901,0.0002168088235570677,0.0004354200987203664,3.273049438843958e-05,0.02020610224287735,YP12A
TNFRSF14,0.06324274746751375,0.00014580530281449455,0.0003115701634083784,3.3007759328018693e-06,0.009900990099009901,0.00019353708642549873,0.00047033968649836956,1.0314924790005842e-05,0.02020610224287735,YP12A
SDHB,0.06149630664781485,0.000212782967659364,0.0003115701634083784,5.177015621860015e-06,0.009900990099009901,0.00018828487192107908,0.0006649467739355125,1.568792612684853e-05,0.02020610224287735,YP12A
MRTO4,0.0597684663609014,0.0003064813849823489,0.0003115701634083784,2.129666676342623e-08,0.009900990099009901,0.00012334541341453236,0.0009287314696434815,7.88765435682453e-08,0.02020610224287735,YP12A
THRAP3,0.05944959041630537,0.000327507358029111,0.0003115701634083784,1.610456557776807e-06,0.009900990099009901,0.00017416025985146722,0.0009632569353797382,5.1950211541187325e-06,0.02020610224287735,YP12A
PRDX1,0.05879567963802068,0.00037488514142958174,0.0003115701634083784,1.5020453524305921e-05,0.009900990099009901,0.00021311693891913828,0.0010711004040845193,4.17234820119609e-05,0.02020610224287735,YP12A
EBNA1BP2,0.05560550909676854,0.000711439779390366,0.0003115701634083784,6.071941935603675e-05,0.009900990099009901,0.0002034081385677556,0.001976221609417683,0.00014120795199078315,0.02020610224287735,YP12A
FBXO2,0.05474652506188802,0.0008409830724570577,0.0003115701634083784,2.4957995983565517e-05,0.009900990099009901,0.00018472316429625165,0.0022729272228569127,6.745404319882572e-05,0.02020610224287735,YP12A
C1QA,0.05417792997285589,0.0009383140814134272,0.0003115701634083784,4.985906973753451e-05,0.009900990099009901,0.00021317266062724044,0.002469247582666914,0.00012160748716471833,0.02020610224287735,YP12A
NADK,0.05320320669655795,0.0011295428738602453,0.0003115701634083784,3.638321878207673e-05,0.009900990099009901,0.00018593036452801664,0.002896263779128834,9.329030456942751e-05,0.02020610224287735,YP12A
MTOR,0.04935262210909035,0.002286089218821896,0.0003115701634083784,3.134527929604669e-05,0.009900990099009901,0.00015558931689023509,0.0057152230470547405,8.248757709485972e-05,0.02020610224287735,YP12A
EXOSC10,0.048629447931330456,0.0025969516125387004,0.0003115701634083784,8.455250651517865e-06,0.009900990099009901,0.00013571359748448388,0.006334028323265123,2.4868384269170188e-05,0.02020610224287735,YP12A
SSU72,0.04641397220421558,0.0038011318394852722,0.0003115701634083784,5.209986204035566e-05,0.009900990099009901,0.00014649259007119177,0.009050313903536363,0.00012404729057227537,0.02020610224287735,YP12A
AGMAT,0.04585091440826601,0.004177911988602401,0.0003115701634083784,0.00026801548673194286,0.019801980198019802,0.00018994544711021746,0.009716074392098607,0.0005955899705154285,0.036003600360036,YP12A
PLPPR5,0.04409869554563747,0.005573205341839693,0.0003115701634083784,4.0736624985049374e-05,0.009900990099009901,0.00013062646848125035,0.012666375776908394,0.00010184156246262344,0.02020610224287735,YP12A
MAST2,0.0436008679022813,0.006038753628771154,0.0003115701634083784,0.0006991265496439913,0.009900990099009901,0.0001783440666769539,0.013419452508380341,0.0014875032971148753,0.02020610224287735,YP12A
LMO4,0.04207148987766455,0.007691636304898886,0.0003115701634083784,0.000438159935025384,0.019801980198019802,0.00015001351224373406,0.01672094848891062,0.0009525215978812695,0.036003600360036,YP12A
RCC1,0.04044997736589897,0.009867073070385368,0.0003115701634083784,0.0025505132655939677,0.009900990099009901,0.00017742659384903581,0.020993772490181636,0.0051010265311879355,0.02020610224287735,YP12A
AADACL3,0.03950114737665512,0.01137489508396905,0.0003115701634083784,0.0010453634272615808,0.019801980198019802,0.00017436192182361906,0.023697698091602187,0.0021333947495134303,0.036003600360036,YP12A
PDE4B,0.037074691309800616,0.01617153239282798,0.0003115701634083784,0.0001832177476542851,0.009900990099009901,0.00012001558301551443,0.033003127332302006,0.00041640397194155705,0.02020610224287735,YP12A
UQCRH,0.03557901266876224,0.01991969554299433,0.0003115701634083784,0.0007844984599576499,0.019801980198019802,0.00014358116069428166,0.03983939108598866,0.0016343717915784373,0.036003600360036,YP12A
CAPZB,0.03515791009847741,0.02109943269904202,0.0003115701634083784,0.003062207400010619,0.009900990099009901,0.00017974223395316434,0.04137143666478827,0.006004328235314939,0.02020610224287735,YP12A
SLC9A1,0.034064984981364135,0.024440036423401756,0.0003115701634083784,0.0034711385317058863,0.009900990099009901,0.00014355856986033005,0.047000070045003374,0.006675266407126704,0.02020610224287735,YP12A
EMC1,0.03365327504841947,0.025808654351140325,0.0003115701634083784,0.005743228469270223,0.0297029702970297,0.00018408508266272707,0.04869557424743457,0.010635608276426338,0.05121201775349949,YP12A
ZMPSTE24,0.032838262408501864,0.02870744821768345,0.0003115701634083784,0.0037953590955863703,0.009900990099009901,0.0001369656907783504,0.05316194114385824,0.007161054897332774,0.02020610224287735,YP12A
RAVER2,0.031688947931336676,0.03325085231307401,0.0003115701634083784,0.014663172963759075,0.0297029702970297,0.00020478469927930288,0.06045609511468001,0.026184237435284058,0.05121201775349949,YP12A
SLC35D1,0.03015723324035685,0.040210301638198165,0.0003115701634083784,0.022593627290236507,0.039603960396039604,0.00020149841987720867,0.071804110068211,0.0389545298107526,0.06600660066006601,YP12A
PLA2G2A,0.6947079615097784,0.0,0.0005820351815126267,0.0,0.009900990099009901,0.0011930185487662775,0.0,0.0,0.03414134516899966,YP12C
CLCA2,0.5118809543793997,0.0,0.0005820351815126267,0.0,0.009900990099009901,0.0006528413351312176,0.0,0.0,0.03414134516899966,YP12C
SFN,0.5039904257772202,0.0,0.0005820351815126267,0.0,0.009900990099009901,0.0008939082105606938,0.0,0.0,0.03414134516899966,YP12C
CTRC,0.4911916020018032,0.0,0.0005820351815126267,0.0,0.009900990099009901,0.0008699404942787153,0.0,0.0,0.03414134516899966,YP12C
CELA3A,0.4722389405658089,0.0,0.0005820351815126267,0.0,0.009900990099009901,0.0006577820567565361,0.0,0.0,0.03414134516899966,YP12C
CELA3B,0.40361774188420324,0.0,0.0005820351815126267,0.0,0.009900990099009901,0.0006361217008699067,0.0,0.0,0.03414134516899966,YP12C
IFI6,0.21624566840948026,0.0,0.0005820351815126267,0.0,0.009900990099009901,0.00042185550797339057,0.0,0.0,0.03414134516899966,YP12C
GBP6,0.16469200856675312,3.1676883338604966e-12,0.0005820351815126267,0.0,0.009900990099009901,0.0003768970856773143,3.959610417325621e-11,0.0,0.03414134516899966,YP12C
CELA2B,0.15892782133976993,1.6449841488963557e-11,0.0005820351815126267,1.5432100042289676e-14,0.009900990099009901,0.00043542109501530966,1.8277601654403952e-10,1.7146777824766308e-13,0.03414134516899966,YP12C
TRNP1,0.15628258453334654,3.43827188942214e-11,0.0005820351815126267,1.820210648872944e-12,0.009900990099009901,0.000517567302526395,3.43827188942214e-10,1.820210648872944e-11,0.03414134516899966,YP12C
GBP2,0.09632299113405106,2.6954927821898345e-05,0.0005820351815126267,7.758238496080594e-12,0.009900990099009901,0.00021972562273710254,0.00024504479838089404,7.052944087345995e-11,0.03414134516899966,YP12C
GRHL3,0.09281082329097856,4.962543538189479e-05,0.0005820351815126267,1.4201381290934734e-06,0.009900990099009901,0.00037615178430616485,0.0004135452948491233,9.848108928345312e-06,0.03414134516899966,YP12C
MCOLN3,0.0872102836466247,0.0001259732498878341,0.0005820351815126267,1.4772163392517967e-06,0.009900990099009901,0.00036943338928919036,0.0009690249991371853,9.848108928345312e-06,0.03414134516899966,YP12C
GPSM2,0.07229957407295434,0.0011741890077439088,0.0005820351815126267,0.00011062265606887056,0.009900990099009901,0.0003411825802351755,0.008387064341027919,0.0006507215062874738,0.03414134516899966,YP12C
SLC2A5,0.0700265036494623,0.001599164087494609,0.0005820351815126267,5.929165755813592e-06,0.019801980198019802,0.0002686512881448921,0.010661093916630726,3.705728597383495e-05,0.060006000600060005,YP12C
GBP4,0.06875488978245164,0.0018940081350017346,0.0005820351815126267,0.00048792370956252107,0.009900990099009901,0.0004323247940512403,0.011837550843760841,0.0024396185478126053,0.03414134516899966,YP12C
SH2D5,0.06624963736287563,0.0026236013737819253,0.0005820351815126267,3.4391348879836414e-08,0.009900990099009901,0.00015219715883899206,0.015432949257540735,2.6454883753720316e-07,0.03414134516899966,YP12C
TNFRSF4,0.0648730236668818,0.0031247802061803442,0.0005820351815126267,1.1657926846098121e-09,0.009900990099009901,0.00012934331169236712,0.017359890034335246,9.714939038415101e-09,0.03414134516899966,YP12C
NR0B2,0.06324684573730674,0.0038267346091780396,0.0005820351815126267,0.001168206397804461,0.019801980198019802,0.0004243214550049145,0.020140708469358105,0.005310029080929368,0.060006000600060005,YP12C
LPAR3,0.062198519139558615,0.004351144144847496,0.0005820351815126267,0.0003338615895963626,0.009900990099009901,0.00033293041232587624,0.02175572072423748,0.0017571662610334873,0.03414134516899966,YP12C
SVBP,0.059313001650851634,0.006141141199895062,0.0005820351815126267,0.00015443782595137012,0.009900990099009901,0.0002863627884907196,0.02924352952330982,0.0008579879219520563,0.03414134516899966,YP12C
LRRC41,0.057715861486564116,0.007389965789652342,0.0005820351815126267,0.0006777191277298478,0.009900990099009901,0.0003160256661948736,0.03359075358932883,0.0032272339415707037,0.03414134516899966,YP12C
SYTL1,0.05591407952233235,0.009062783564277033,0.0005820351815126267,0.007950590522533996,0.019801980198019802,0.0005171189845935008,0.03940340680120449,0.029446631564940724,0.060006000600060005,YP12C
COL16A1,0.05146450925386866,0.014680403018619725,0.0005820351815126267,0.0036070475752978393,0.009900990099009901,0.0003424227901248629,0.06116834591091552,0.015029364897074331,0.03414134516899966,YP12C
RCC1,0.04864692441497162,0.019612494394613655,0.0005820351815126267,0.004110522391031157,0.0297029702970297,0.00032922521667653326,0.07844997757845462,0.01644208956412463,0.08250825082508251,YP12C
TMEM59,0.04703950568035968,0.023011016233835058,0.0005820351815126267,0.004440901544946918,0.0297029702970297,0.0002908630183699395,0.0885039085916733,0.017080390557488147,0.08250825082508251,YP12C
ISG15,0.044200081080689735,0.030225017589293968,0.0005820351815126267,0.0033190758247809704,0.009900990099009901,0.00027127286428143264,0.11194450958997765,0.014430764455569437,0.03414134516899966,YP12C
BCL10,0.04367968646839858,0.03173202445419854,0.0005820351815126267,0.010846928935206446,0.019801980198019802,0.0003192554499826275,0.11332865876499476,0.03873903191145159,0.060006000600060005,YP12C
RAB42,0.04279704446252385,0.034429724591846345,0.0005820351815126267,0.1051817971850908,0.06930693069306931,0.0010384789375439075,0.11872318824774603,0.24460883066300185,0.13861386138613863,YP12C
TAF13,0.04162030124068241,0.03831655657272215,0.0005820351815126267,0.013958303179202103,0.039603960396039604,0.0003797617739438201,0.12772185524240717,0.046527677264007014,0.0942951438000943,YP12C
PLEKHG5,0.04026735086110864,0.043219861586008546,0.0005820351815126267,0.024210352059184204,0.0594059405940594,0.00040767875644569967,0.13941890834196305,0.07809790986833615,0.12639561828523277,YP12C
PLA2G2A,0.7431832899218453,0.0,0.00030105956064378075,0.0,0.009900990099009901,0.00045307885817451787,0.0,0.0,0.014144271570014145,YP15A
CTRC,0.4033732562354342,0.0,0.00030105956064378075,0.0,0.009900990099009901,0.0002998893435447271,0.0,0.0,0.014144271570014145,YP15A
HSPB7,0.38599529583147074,0.0,0.00030105956064378075,0.0,0.009900990099009901,0.00038108719939690047,0.0,0.0,0.014144271570014145,YP15A
NEXN,0.3692678045496922,0.0,0.00030105956064378075,0.0,0.009900990099009901,0.00035412098912138536,0.0,0.0,0.014144271570014145,YP15A
ENO1,0.3657681551993564,0.0,0.00030105956064378075,0.0,0.009900990099009901,0.0003690990761314002,0.0,0.0,0.014144271570014145,YP15A
CELA3A,0.3501187348655551,0.0,0.00030105956064378075,0.0,0.009900990099009901,0.00031026789725046466,0.0,0.0,0.014144271570014145,YP15A
CELA3B,0.34032820776293804,0.0,0.00030105956064378075,0.0,0.009900990099009901,0.00033490022708418914,0.0,0.0,0.014144271570014145,YP15A
FBXO2,0.2723832553908784,0.0,0.00030105956064378075,0.0,0.009900990099009901,0.00025839915922253216,0.0,0.0,0.014144271570014145,YP15A
CELA2A,0.2518093171088816,0.0,0.00030105956064378075,0.0,0.009900990099009901,0.00022483883761201788,0.0,0.0,0.014144271570014145,YP15A
SDC3,0.2422506936214732,0.0,0.00030105956064378075,0.0,0.009900990099009901,0.0002732674081127165,0.0,0.0,0.014144271570014145,YP15A
CLIC4,0.2027092016960506,0.0,0.00030105956064378075,0.0,0.009900990099009901,0.00017238731595522366,0.0,0.0,0.014144271570014145,YP15A
EFNA1,0.19059110470309407,0.0,0.00030105956064378075,0.0,0.009900990099009901,0.00019047810385275043,0.0,0.0,0.014144271570014145,YP15A
FABP3,0.1905070090097043,0.0,0.00030105956064378075,0.0,0.009900990099009901,0.00026633497876312487,0.0,0.0,0.014144271570014145,YP15A
PLEKHO1,0.18365666341554698,0.0,0.00030105956064378075,0.0,0.009900990099009901,0.0002924862453840873,0.0,0.0,0.014144271570014145,YP15A
CELA2B,0.17751372169179477,0.0,0.00030105956064378075,0.0,0.009900990099009901,0.00019500525882710037,0.0,0.0,0.014144271570014145,YP15A
MUC1,0.17499176923756185,0.0,0.00030105956064378075,0.0,0.009900990099009901,0.00020187243176530127,0.0,0.0,0.014144271570014145,YP15A
CGN,0.16752047650869764,0.0,0.00030105956064378075,0.0,0.009900990099009901,0.00019302130282794876,0.0,0.0,0.014144271570014145,YP15A
WLS,0.16598855769031187,0.0,0.00030105956064378075,0.0,0.009900990099009901,0.00022359123903286873,0.0,0.0,0.014144271570014145,YP15A
KDM1A,0.16011502072711956,0.0,0.00030105956064378075,0.0,0.009900990099009901,0.00016690548123977466,0.0,0.0,0.014144271570014145,YP15A
DDOST,0.1596008670955112,0.0,0.00030105956064378075,0.0,0.009900990099009901,0.00022341767640125955,0.0,0.0,0.014144271570014145,YP15A
COL16A1,0.15592420444633717,0.0,0.00030105956064378075,0.0,0.009900990099009901,0.0002670366503794157,0.0,0.0,0.014144271570014145,YP15A
NFIA,0.14790008269751126,0.0,0.00030105956064378075,0.0,0.009900990099009901,0.00026595564285401574,0.0,0.0,0.014144271570014145,YP15A
HSPG2,0.14708994630386998,0.0,0.00030105956064378075,0.0,0.009900990099009901,0.00019834696178067394,0.0,0.0,0.014144271570014145,YP15A
MAP7D1,0.14315422482533133,1.1102230246251565e-16,0.00030105956064378075,0.0,0.009900990099009901,0.00023935906729356877,4.440892098500626e-16,0.0,0.014144271570014145,YP15A
PGM1,0.14194566694976482,1.1102230246251565e-16,0.00030105956064378075,0.0,0.009900990099009901,0.0002058683385109536,4.440892098500626e-16,0.0,0.014144271570014145,YP15A
PLOD1,0.13762591930269408,7.771561172376096e-16,0.00030105956064378075,0.0,0.009900990099009901,0.00023035150448966242,2.9890619893754215e-15,0.0,0.014144271570014145,YP15A
AGMAT,0.13279238095112017,7.216449660063518e-15,0.00030105956064378075,0.0,0.009900990099009901,0.0001739562610042794,2.6727591333568583e-14,0.0,0.014144271570014145,YP15A
F3,0.12676815772217218,1.021405182655144e-13,0.00030105956064378075,0.0,0.009900990099009901,0.00018400314659818194,3.6478756523397996e-13,0.0,0.014144271570014145,YP15A
VAV3,0.12505143784828227,2.1316282072803006e-13,0.00030105956064378075,0.0,0.009900990099009901,0.0001950587263102418,7.350442094070002e-13,0.0,0.014144271570014145,YP15A
FBLIM1,0.12242700796904331,6.434852650727407e-13,0.00030105956064378075,0.0,0.009900990099009901,0.0002065984183001609,2.1449508835758024e-12,0.0,0.014144271570014145,YP15A
SYNC,0.11143370144472019,5.162104077527374e-11,0.00030105956064378075,2.220446049250313e-16,0.009900990099009901,0.00018768244139999554,1.6651948637185078e-10,7.162729191130043e-16,0.014144271570014145,YP15A
PINK1,0.10963938879762598,1.0172507280969967e-10,0.00030105956064378075,3.667066650336892e-13,0.009900990099009901,0.00023134541514963636,3.1789085253031146e-10,1.0477333286676834e-12,0.014144271570014145,YP15A
TSPAN2,0.10761323117091698,2.1608914657633704e-10,0.00030105956064378075,8.459899447643693e-13,0.009900990099009901,0.00024238796538057086,6.548155956858698e-10,2.286459310173971e-12,0.014144271570014145,YP15A
TSPAN1,0.10367746895719059,8.988321198444282e-10,0.00030105956064378075,1.9984014443252818e-15,0.009900990099009901,0.00017240346057308112,2.6436238818953768e-09,6.2450045135165055e-15,0.014144271570014145,YP15A
CLCA1,0.10300740570983768,1.1399801103095797e-09,0.00030105956064378075,1.0658141036401503e-14,0.009900990099009901,0.00017910335978530608,3.257086029455942e-09,3.229739708000455e-14,0.014144271570014145,YP15A
MFN2,0.09836352407219212,5.687172177637478e-09,0.00030105956064378075,5.0713877541852526e-12,0.009900990099009901,0.0002000981825363188,1.579770049343744e-08,1.2678469385463131e-11,0.014144271570014145,YP15A
ARHGEF16,0.09601284736585021,1.24928624112286e-08,0.00030105956064378075,6.139533326177116e-14,0.009900990099009901,0.00016860678518016738,3.376449300332054e-08,1.8057450959344456e-13,0.014144271570014145,YP15A
PADI1,0.09484772695381392,1.8330930329213402e-08,0.00030105956064378075,1.6935342017632138e-12,0.009900990099009901,0.00018523229279545882,4.823929034003527e-08,4.456668952008457e-12,0.014144271570014145,YP15A
CASQ2,0.09472709263413993,1.906852709065987e-08,0.00030105956064378075,2.5786039969943886e-12,0.009900990099009901,0.00018839648645165366,4.889365920682018e-08,6.611805120498432e-12,0.014144271570014145,YP15A
ADGRL2,0.09169681922394157,5.058117880096802e-08,0.00030105956064378075,7.311151684064043e-12,0.009900990099009901,0.0001829063998542965,1.2645294700242005e-07,1.7407504009676296e-11,0.014144271570014145,YP15A
RCC1,0.088410824584416,1.4089161537444994e-07,0.00030105956064378075,6.863398738232718e-13,0.009900990099009901,0.00015483361682341269,3.369795572213027e-07,1.9064996495090883e-12,0.014144271570014145,YP15A
TACSTD2,0.08839603918894301,1.415314140329471e-07,0.00030105956064378075,5.406008973807275e-12,0.009900990099009901,0.00016816747603024644,3.369795572213027e-07,1.3185387740993354e-11,0.014144271570014145,YP15A
VCAM1,0.08567353160185798,3.220850047780388e-07,0.00030105956064378075,4.630851779818812e-08,0.009900990099009901,0.0002362336422929297,7.490348948326484e-07,9.647607874622525e-08,0.014144271570014145,YP15A
HEYL,0.08466494029470514,4.3415415074132824e-07,0.00030105956064378075,1.5645335360581214e-08,0.009900990099009901,0.00022886607243420714,9.86713978957564e-07,3.401159860995916e-08,0.014144271570014145,YP15A
CCN1,0.08341834698884557,6.251115840516519e-07,0.00030105956064378075,1.5343695314307126e-08,0.009900990099009901,0.0002128583597930761,1.3891368534481153e-06,3.401159860995916e-08,0.014144271570014145,YP15A
ERRFI1,0.08280693335593808,7.461290244537011e-07,0.00030105956064378075,1.2099166668555483e-08,0.009900990099009901,0.00022899814760903573,1.622019618377611e-06,2.7498106064898827e-08,0.014144271570014145,YP15A
PTPRU,0.07872568222688281,2.3578539803947862e-06,0.00030105956064378075,1.1507963471046878e-09,0.009900990099009901,0.000174723179367259,5.0167105965846514e-06,2.6762705746620645e-09,0.014144271570014145,YP15A
IFI44L,0.0771839874284331,3.5913652961516718e-06,0.00030105956064378075,1.892894109234433e-07,0.009900990099009901,0.00021962502039912392,7.482011033649316e-06,3.785788218468866e-07,0.014144271570014145,YP15A
GIPC2,0.0768155990655596,3.966779749453586e-06,0.00030105956064378075,2.2406145838704816e-07,0.009900990099009901,0.000232684256087037,8.09546887643589e-06,4.393361929157807e-07,0.014144271570014145,YP15A
GNL2,0.07466084521225139,7.034440980602241e-06,0.00030105956064378075,4.124423058637916e-08,0.009900990099009901,0.00020542834693369796,1.4068881961204482e-05,8.775368209867906e-08,0.014144271570014145,YP15A
CASZ1,0.0712370301638132,1.6956794189559865e-05,0.00030105956064378075,1.785825631928084e-06,0.009900990099009901,0.0002286881218444502,3.324861605796052e-05,3.1330274244352355e-06,0.014144271570014145,YP15A
MTMR11,0.0699098383574766,2.3611015588342887e-05,0.00030105956064378075,6.729434077756835e-07,0.009900990099009901,0.0002117498690866531,4.54057992083517e-05,1.2461914958808954e-06,0.014144271570014145,YP15A
CDC20,0.06847445082001485,3.356418767386238e-05,0.00030105956064378075,4.5112284130510716e-07,0.009900990099009901,0.0001875906916421287,6.332865598841958e-05,8.51175172273787e-07,0.014144271570014145,YP15A
AQP10,0.06699910185986979,4.785623089909041e-05,0.00030105956064378075,6.710026934086954e-08,0.009900990099009901,0.00016504980977645342,8.86226498131304e-05,1.3693932518544806e-07,0.014144271570014145,YP15A
PSMD4,0.06249739555043516,0.0001353885569530533,0.00030105956064378075,1.015765575973493e-05,0.009900990099009901,0.0002011585541527137,0.0002461610126419151,1.6929426266224883e-05,0.014144271570014145,YP15A
TCEA3,0.05848189181417991,0.00032441411920558494,0.00030105956064378075,6.992414075535081e-07,0.009900990099009901,0.00014424898811155287,0.0005793109271528302,1.2713480137336508e-06,0.014144271570014145,YP15A
CRYBG2,0.057819078186390635,0.00037293786835812526,0.00030105956064378075,4.06966515820173e-06,0.009900990099009901,0.0001722186168164027,0.000648807160650989,6.897737556274118e-06,0.014144271570014145,YP15A
ATP8B2,0.057776073684739644,0.0003763081531775736,0.00030105956064378075,2.4583328780858338e-05,0.009900990099009901,0.00019684053563789352,0.000648807160650989,3.9650530291707e-05,0.014144271570014145,YP15A
C1QTNF12,0.057206002122129056,0.00042374073307993587,0.00030105956064378075,3.310805716250087e-07,0.009900990099009901,0.00013715219289871832,0.0007182046323388744,6.366934069711706e-07,0.014144271570014145,YP15A
KIAA1324,0.056607410511390156,0.00047947096186018445,0.00030105956064378075,2.3500353595440338e-05,0.009900990099009901,0.00020371790382586407,0.0007991182697669741,3.852516982859072e-05,0.014144271570014145,YP15A
PIK3CD,0.05624807768327442,0.0005161103470591177,0.00030105956064378075,2.2372623467159514e-06,0.009900990099009901,0.00014578184738529295,0.000834270249098284,3.857348873648192e-06,0.014144271570014145,YP15A
PDE4B,0.056237307039597124,0.0005172475544409361,0.00030105956064378075,8.293799839131921e-07,0.009900990099009901,0.00014412227181570094,0.000834270249098284,1.4810356855592716e-06,0.014144271570014145,YP15A
MEGF6,0.05530286600893572,0.0006252185057585846,0.00030105956064378075,0.00010410761194290519,0.009900990099009901,0.00022057472363108416,0.000992410326600928,0.00016016555683523873,0.014144271570014145,YP15A
IFI44,0.05442506469123511,0.0007452475401108494,0.00030105956064378075,2.6310818761476895e-05,0.009900990099009901,0.00018509388483099788,0.0011644492814232021,4.176320438329666e-05,0.014144271570014145,YP15A
TIE1,0.05199477022988755,0.001196862172753388,0.00030105956064378075,4.4972899582162995e-05,0.009900990099009901,0.00017393730982355127,0.0018413264196205966,7.027015559712968e-05,0.014144271570014145,YP15A
GALE,0.046981990074853874,0.0030020394670031703,0.00030105956064378075,0.00038505101206798287,0.009900990099009901,0.00020182042530463948,0.0045485446469745,0.0005662514883352689,0.014144271570014145,YP15A
BMP8A,0.04357028945635663,0.0053717821409473565,0.00030105956064378075,0.00029508783405751693,0.009900990099009901,0.00016225281849729142,0.008017585284996053,0.0004404296030709208,0.014144271570014145,YP15A
ABCA4,0.04104602443429133,0.008076302825185122,0.00030105956064378075,0.0011400782283966793,0.019801980198019802,0.00019693241528595824,0.011876915919389885,0.0016286831834238277,0.027126000271260005,YP15A
PLEKHN1,0.040235648097268366,0.009168442364222429,0.00030105956064378075,0.0026287721079275572,0.0297029702970297,0.00019638214132784848,0.01328759762930787,0.0036510723721216074,0.038575286100038575,YP15A
CD2,0.04000991942912183,0.009494806207619777,0.00030105956064378075,0.00029412792515903785,0.009900990099009901,0.0001289387801564857,0.013564008868028254,0.0004404296030709208,0.014144271570014145,YP15A
PDZK1IP1,0.038102362025000475,0.012682571177904167,0.00030105956064378075,0.009072841486722827,0.0297029702970297,0.00023252276857079954,0.017862776306907278,0.012260596603679496,0.038575286100038575,YP15A
EPHA2,0.03547030575217516,0.018575457563693054,0.00030105956064378075,0.0007780798632193164,0.009900990099009901,0.00012907295648964537,0.025688093644613188,0.0011276519756801687,0.014144271570014145,YP15A
THBS3,0.0354030940746541,0.018752308360567627,0.00030105956064378075,0.005117358954021323,0.019801980198019802,0.0001648340099414721,0.025688093644613188,0.007010080758933319,0.027126000271260005,YP15A
CITED4,0.03526514036079646,0.019119791315872603,0.00030105956064378075,0.001996705139395316,0.009900990099009901,0.00018373017531830786,0.025837555832260276,0.002812260759711713,0.014144271570014145,YP15A
ROR1,0.032856350205759374,0.026590348073688097,0.00030105956064378075,0.009279061289004575,0.04950495049504951,0.00018871241647864457,0.03545379743158413,0.012372081718672767,0.06188118811881188,YP15A
SH3D21,0.03193878301793636,0.030015335323334558,0.00030105956064378075,0.009541861570525723,0.019801980198019802,0.00017561045564632152,0.03949386226754547,0.01239202801366977,0.027126000271260005,YP15A
TGFBR3,0.029656518273639815,0.04014259407086618,0.00030105956064378075,0.009520200074795482,0.0297029702970297,0.0001561193192447555,0.052133239053072954,0.01239202801366977,0.038575286100038575,YP15A
TAF13,0.02899879757738723,0.04352882665919022,0.00030105956064378075,0.014152711113506022,0.039603960396039604,0.00017258117539802826,0.05580618802460285,0.01791482419431142,0.05013159543802481,YP15A
LCE1D,0.028834832711779942,0.044407943470582856,0.00030105956064378075,0.020773942023040393,0.0594059405940594,0.00018502258225780663,0.05621258667162386,0.02596742752880049,0.07334066740007333,YP15A
HSPB7,0.10519906727414645,6.336915825411182e-08,0.0004018212334910577,5.732376795464234e-10,0.009900990099009901,0.00027915196254979356,6.336915825411182e-06,2.8661883977321168e-08,0.14144271570014144,YP15C
C1orf94,0.09786256761260495,4.382642468936382e-07,0.0004018212334910577,1.7444379274422772e-11,0.009900990099009901,0.0002069650859595892,2.191321234468191e-05,1.7444379274422772e-09,0.14144271570014144,YP15C
STK40,0.04495349814552033,0.011361603280934385,0.0004018212334910577,0.0046963708250101766,0.0297029702970297,0.00030056026831190753,0.37872010936447953,0.07827284708350295,0.21216407355021213,YP15C
CD53,0.03831555599080249,0.02577261390545693,0.0004018212334910577,0.00323570993515232,0.019801980198019802,0.00021213611716690595,0.46154736389268847,0.07827284708350295,0.198019801980198,YP15C
FCGR1B,0.03621544471731158,0.0327269600991551,0.0004018212334910577,0.006741621327294722,0.039603960396039604,0.00021432167852934007,0.46154736389268847,0.08427026659118403,0.23296447291788,YP15C
SYNC,0.03314449060296855,0.04561490679584235,0.0004018212334910577,0.004103863932063079,0.009900990099009901,0.0001409037950320294,0.46154736389268847,0.07827284708350295,0.14144271570014144,YP15C
PTAFR,0.032797443305994614,0.0472983741415246,0.0004018212334910577,0.03353335159564286,0.0594059405940594,0.00034280217204865263,0.46154736389268847,0.17649132418759397,0.25828669823504086,YP15C
