gene,mean_normal,mean_cancer,log2fc,pval,stat,n_normal,n_cancer,qval_bh
PPARG,7.6501427,7.520446,0.02466845,0.03427944604415192,64.0,8,10,0.9686211382333778
TGFBI,8.243435,8.136917,0.018763384,0.0675990675990676,61.0,8,10,0.9686211382333778
CFTR,8.334058,8.014044,0.056488715,0.0675990675990676,61.0,8,10,0.9686211382333778
DMBT1,8.883729,8.538578,0.057169586,0.08313908313908314,60.0,8,10,0.9686211382333778
LGR5,7.8537693,7.6780806,0.032639537,0.10110151286621874,59.0,8,10,0.9686211382333778
DGKG,7.738452,7.628746,0.020599023,0.12198912198912198,58.0,8,10,0.9686211382333778
PDGFRB,7.964102,7.818998,0.026528003,0.12198912198912198,58.0,8,10,0.9686211382333778
CD28,7.601621,7.5293946,0.013773316,0.12198912198912198,58.0,8,10,0.9686211382333778
VCAN,8.006766,7.8192034,0.03419815,0.12198912198912198,58.0,8,10,0.9686211382333778
POSTN,7.691098,7.4982133,0.036642827,0.12198912198912198,58.0,8,10,0.9686211382333778
APC,8.051443,7.9468203,0.01886965,0.14571049865167512,57.0,8,10,0.9686211382333778
DNMT3B,7.742567,7.592158,0.028302021,0.14571049865167512,57.0,8,10,0.9686211382333778
MUC1,9.050005,9.2409725,-0.030126074,0.14571049865167512,23.0,8,10,0.9686211382333778
GNL3,8.163937,8.30572,-0.024840286,0.14571049865167512,23.0,8,10,0.9686211382333778
CSF1R,7.8786573,7.7776237,0.018620439,0.14571049865167512,57.0,8,10,0.9686211382333778
IGHG1,9.055073,8.9502125,0.016804378,0.14571049865167512,57.0,8,10,0.9686211382333778
STMN1,8.175949,8.28821,-0.019674297,0.14571049865167512,23.0,8,10,0.9686211382333778
TFPI,8.131484,7.8577223,0.04940754,0.17281411399058458,56.0,8,10,0.9686211382333778
IL17RA,7.875723,7.837864,0.006951789,0.17281411399058458,56.0,8,10,0.9686211382333778
LUM,8.128418,7.98619,0.02546724,0.17281411399058458,56.0,8,10,0.9686211382333778
IL1RL1,7.6503935,7.5399513,0.020978753,0.17281411399058458,56.0,8,10,0.9686211382333778
FN1,8.308009,8.196291,0.019531684,0.17281411399058458,56.0,8,10,0.9686211382333778
FBLN1,7.6371017,7.3951406,0.04644761,0.17281411399058458,56.0,8,10,0.9686211382333778
FAP,6.9517503,6.7758684,0.036970418,0.17281411399058458,56.0,8,10,0.9686211382333778
ANGPT2,7.8654084,7.784912,0.014841006,0.17281411399058458,56.0,8,10,0.9686211382333778
TP63,7.7611666,7.657817,0.019340284,0.17281411399058458,56.0,8,10,0.9686211382333778
IFNG,7.508218,7.4558983,0.010088404,0.20307143836555602,55.0,8,10,0.9686211382333778
CD9,8.151011,8.445242,-0.051159684,0.20307143836555602,25.0,8,10,0.9686211382333778
CD80,7.9063516,7.8198347,0.015874056,0.20307143836555602,55.0,8,10,0.9686211382333778
OLFM4,8.277612,8.061213,0.038217727,0.20307143836555602,55.0,8,10,0.9686211382333778
RSPO3,7.4951944,7.3913374,0.020130495,0.20307143836555602,55.0,8,10,0.9686211382333778
PTGS2,7.7252407,7.5863504,0.026173882,0.20307143836555602,55.0,8,10,0.9686211382333778
STAT4,7.845069,7.768384,0.014171536,0.20307143836555602,55.0,8,10,0.9686211382333778
FCAR,7.285849,7.109319,0.035385765,0.20307143836555602,55.0,8,10,0.9686211382333778
IL1B,7.9786367,7.738848,0.04402334,0.20307143836555602,55.0,8,10,0.9686211382333778
DDIT4,7.761398,7.936956,-0.03226925,0.20307143836555602,25.0,8,10,0.9686211382333778
CD40,6.6232376,6.451721,0.03785256,0.20307143836555602,55.0,8,10,0.9686211382333778
LPL,7.7466874,7.654925,0.017191226,0.236985236985237,54.0,8,10,0.9686211382333778
FBN1,7.7987757,7.679535,0.022228781,0.236985236985237,54.0,8,10,0.9686211382333778
HNF4A,8.2187195,8.057146,0.02864466,0.236985236985237,54.0,8,10,0.9686211382333778
ENST00000433892,6.069319,6.497679,-0.09838989,0.236985236985237,26.0,8,10,0.9686211382333778
ID3,6.7469645,6.7723374,-0.0054153074,0.236985236985237,26.0,8,10,0.9686211382333778
IL4,6.4056373,6.2648153,0.032070115,0.236985236985237,54.0,8,10,0.9686211382333778
SOX9,8.681663,8.899901,-0.035817973,0.236985236985237,26.0,8,10,0.9686211382333778
TNFRSF17,7.495978,7.358626,0.026680296,0.236985236985237,54.0,8,10,0.9686211382333778
PDCD1LG2,7.209835,7.114772,0.019148689,0.236985236985237,54.0,8,10,0.9686211382333778
PRDM1,8.065102,8.047546,0.0031436828,0.236985236985237,54.0,8,10,0.9686211382333778
CD36,7.557167,7.430911,0.024306431,0.236985236985237,54.0,8,10,0.9686211382333778
ACKR4,8.370399,8.260096,0.019137997,0.236985236985237,54.0,8,10,0.9686211382333778
CD86,7.847591,7.771089,0.014133047,0.236985236985237,54.0,8,10,0.9686211382333778
WT1,7.8826466,7.8170385,0.012057909,0.2742812742812743,53.0,8,10,0.9686211382333778
HOXD8,7.4614286,7.3481154,0.02207754,0.2742812742812743,53.0,8,10,0.9686211382333778
CTTN,8.965805,9.138315,-0.02749509,0.2742812742812743,27.0,8,10,0.9686211382333778
IL10,7.47023,7.3663206,0.02020851,0.2742812742812743,53.0,8,10,0.9686211382333778
GNLY,7.681117,7.6243615,0.010699681,0.2742812742812743,53.0,8,10,0.9686211382333778
GATM,8.4441185,8.264109,0.031087652,0.2742812742812743,53.0,8,10,0.9686211382333778
VEGFA,8.699122,8.88044,-0.029761286,0.2742812742812743,27.0,8,10,0.9686211382333778
RSPO2,7.8292694,7.7352257,0.017434226,0.2742812742812743,53.0,8,10,0.9686211382333778
ITGAX,6.8275013,6.723455,0.022154942,0.2742812742812743,53.0,8,10,0.9686211382333778
MSH6,8.182649,8.134142,0.008577709,0.2742812742812743,53.0,8,10,0.9686211382333778
WNT3A,7.254532,7.0708475,0.036999416,0.2742812742812743,53.0,8,10,0.9686211382333778
GKN3P,7.095237,6.982932,0.02301792,0.2742812742812743,53.0,8,10,0.9686211382333778
CTLA4,7.658202,7.5702806,0.016659029,0.2742812742812743,53.0,8,10,0.9686211382333778
SMARCA4,8.35194,8.481318,-0.022177173,0.2742812742812743,27.0,8,10,0.9686211382333778
ADIPOQ,7.6390076,7.547532,0.017380193,0.2742812742812743,53.0,8,10,0.9686211382333778
THY1,7.323153,7.2271624,0.019035654,0.3154166095342566,52.0,8,10,0.9686211382333778
CD34,7.6732683,7.5860834,0.01648595,0.3154166095342566,52.0,8,10,0.9686211382333778
CD19,7.1201696,7.029152,0.018561015,0.3154166095342566,52.0,8,10,0.9686211382333778
CXCL13,7.720994,7.7115164,0.0017720524,0.3154166095342566,52.0,8,10,0.9686211382333778
IL13,6.2805243,6.1970644,0.019300066,0.3154166095342566,52.0,8,10,0.9686211382333778
WNT7A,7.4349575,7.3424582,0.018061424,0.3154166095342566,52.0,8,10,0.9686211382333778
CEACAM8,7.195113,7.088598,0.021517154,0.3154166095342566,52.0,8,10,0.9686211382333778
PECAM1,7.67457,7.644815,0.005604334,0.3154166095342566,52.0,8,10,0.9686211382333778
RNLS,7.814682,7.7835107,0.0057662185,0.3154166095342566,52.0,8,10,0.9686211382333778
MMP7,7.213051,7.082968,0.026255453,0.3154166095342566,52.0,8,10,0.9686211382333778
TLR2,7.7613173,7.6740656,0.01631047,0.3154166095342566,52.0,8,10,0.9686211382333778
FASN,7.7380123,7.876957,-0.025675394,0.3154166095342566,28.0,8,10,0.9686211382333778
TNFRSF9,7.8281155,7.732885,0.01765833,0.3154166095342566,52.0,8,10,0.9686211382333778
ESM1,7.506875,7.4014297,0.020408442,0.3154166095342566,52.0,8,10,0.9686211382333778
FBLN2,7.575882,7.466264,0.021027397,0.3154166095342566,52.0,8,10,0.9686211382333778
IGHA1,8.603435,8.243889,0.061587587,0.3154166095342566,52.0,8,10,0.9686211382333778
MLH1,8.044955,7.90075,0.026094839,0.3154166095342566,52.0,8,10,0.9686211382333778
BMP7,7.638649,7.5547357,0.015936142,0.35993418346359524,51.0,8,10,0.9686211382333778
CD47,8.009281,8.1449795,-0.02423834,0.35993418346359524,29.0,8,10,0.9686211382333778
BEST1,7.3549175,7.2659736,0.017552994,0.35993418346359524,51.0,8,10,0.9686211382333778
TNF,7.0307655,6.899213,0.027249988,0.35993418346359524,51.0,8,10,0.9686211382333778
IL6,7.487801,7.442792,0.008698233,0.35993418346359524,51.0,8,10,0.9686211382333778
STC1,7.7953844,7.7535224,0.007768314,0.35993418346359524,51.0,8,10,0.9686211382333778
SELL,7.6179276,7.5644975,0.010154325,0.35993418346359524,51.0,8,10,0.9686211382333778
MAPK1,7.0745206,7.228732,-0.031110274,0.35993418346359524,29.0,8,10,0.9686211382333778
VCAM1,7.853217,7.7725134,0.014902625,0.35993418346359524,51.0,8,10,0.9686211382333778
SNCA,7.821521,7.728389,0.017281463,0.35993418346359524,51.0,8,10,0.9686211382333778
RGS5,7.8732834,7.751349,0.022518007,0.35993418346359524,51.0,8,10,0.9686211382333778
IL17A,7.6376925,7.539399,0.01868733,0.35993418346359524,51.0,8,10,0.9686211382333778
TIGIT,7.823634,7.7595496,0.011866026,0.35993418346359524,51.0,8,10,0.9686211382333778
SMAD3,8.091932,8.057589,0.0061361715,0.35993418346359524,51.0,8,10,0.9686211382333778
ENST00000343735,5.8247004,6.112052,-0.06947298,0.35993418346359524,29.0,8,10,0.9686211382333778
HNF4G,8.39843,8.286716,0.019319072,0.35993418346359524,51.0,8,10,0.9686211382333778
TP53,8.396879,8.487959,-0.0155644175,0.35993418346359524,29.0,8,10,0.9686211382333778
CD4,7.760936,7.7241755,0.006849605,0.35993418346359524,51.0,8,10,0.9686211382333778
DKK1,7.406871,7.330504,0.014951817,0.35993418346359524,51.0,8,10,0.9686211382333778
CD274,7.9642477,7.913127,0.009290108,0.35993418346359524,51.0,8,10,0.9686211382333778
FGFR2,8.5013275,8.410123,0.015561208,0.35993418346359524,51.0,8,10,0.9686211382333778
EZR,9.249882,9.414388,-0.02543233,0.35993418346359524,29.0,8,10,0.9686211382333778
CDH17,8.499762,8.343613,0.02675019,0.35993418346359524,51.0,8,10,0.9686211382333778
MKI67,1.0248172,0.751861,0.44682875,0.39368959943022785,50.0,8,10,0.9686211382333778
SOX4,8.4881,8.633792,-0.024552664,0.40824534942182,30.0,8,10,0.9686211382333778
MUC6,8.614555,8.694527,-0.013331155,0.40824534942182,30.0,8,10,0.9686211382333778
PARP1,8.107601,8.144735,-0.0065926886,0.40824534942182,30.0,8,10,0.9686211382333778
CXCR5,7.4437947,7.3721595,0.013950978,0.40824534942182,50.0,8,10,0.9686211382333778
SELE,7.4241977,7.347702,0.014941945,0.40824534942182,50.0,8,10,0.9686211382333778
SDC1,8.622623,8.564519,0.009754652,0.40824534942182,50.0,8,10,0.9686211382333778
MMRN1,7.8839874,7.82893,0.010110434,0.40824534942182,50.0,8,10,0.9686211382333778
PDPN,7.9510174,7.860627,0.016495131,0.40824534942182,50.0,8,10,0.9686211382333778
ACTA2,6.976983,6.8674126,0.022836631,0.40824534942182,50.0,8,10,0.9686211382333778
CD33,7.417942,7.31767,0.01963467,0.40824534942182,50.0,8,10,0.9686211382333778
NRXN1,7.4811945,7.3697004,0.021662692,0.40824534942182,50.0,8,10,0.9686211382333778
CD70,7.2895427,7.19648,0.018536907,0.40824534942182,50.0,8,10,0.9686211382333778
CSPG4,8.314151,8.224805,0.015587409,0.40824534942182,50.0,8,10,0.9686211382333778
WRN,8.351973,8.305094,0.008120482,0.40824534942182,50.0,8,10,0.9686211382333778
ADAR,8.53319,8.686425,-0.025677407,0.40824534942182,30.0,8,10,0.9686211382333778
IGSF9,7.5300574,7.320756,0.040668316,0.40824534942182,50.0,8,10,0.9686211382333778
TLR4,7.5557146,7.4673805,0.01696603,0.40824534942182,50.0,8,10,0.9686211382333778
GPX2,7.8582044,8.07566,-0.0393804,0.40824534942182,30.0,8,10,0.9686211382333778
HLA-A,7.384705,7.820585,-0.082736194,0.40824534942182,30.0,8,10,0.9686211382333778
EREG,7.770829,7.669921,0.018856918,0.40824534942182,50.0,8,10,0.9686211382333778
EP300,8.31769,8.374929,-0.009894132,0.40824534942182,30.0,8,10,0.9686211382333778
IL7R,7.852657,7.770607,0.0151535,0.40824534942182,50.0,8,10,0.9686211382333778
CCL3,7.734744,7.632763,0.01914818,0.40824534942182,50.0,8,10,0.9686211382333778
TCL1A,7.3637724,7.2612715,0.020222925,0.40824534942182,50.0,8,10,0.9686211382333778
ALCAM,8.120593,8.1620865,-0.007352906,0.40824534942182,30.0,8,10,0.9686211382333778
GZMA,7.523938,7.469677,0.010442225,0.40824534942182,50.0,8,10,0.9686211382333778
CLDN18,8.797757,8.844564,-0.0076553584,0.4597559303441656,31.0,8,10,0.9686211382333778
SHH,7.862993,7.753377,0.020253789,0.4597559303441656,49.0,8,10,0.9686211382333778
TGFA,7.9778275,7.8986573,0.014388484,0.4597559303441656,49.0,8,10,0.9686211382333778
PLEKHA7,8.274924,8.301442,-0.0046159094,0.4597559303441656,31.0,8,10,0.9686211382333778
PAX6,7.6557016,7.540614,0.0218526,0.4597559303441656,49.0,8,10,0.9686211382333778
ESR1,7.642318,7.5405135,0.01934741,0.4597559303441656,49.0,8,10,0.9686211382333778
DDX5,8.774037,8.996152,-0.036067206,0.4597559303441656,31.0,8,10,0.9686211382333778
CIAO2A,8.124589,8.106279,0.003254881,0.4597559303441656,31.0,8,10,0.9686211382333778
PDK4,7.5050097,7.3102927,0.037924763,0.4597559303441656,49.0,8,10,0.9686211382333778
CLEC9A,7.5813036,7.580353,0.0001809144,0.4597559303441656,49.0,8,10,0.9686211382333778
ANKRD29,7.8160734,7.739751,0.01415689,0.4597559303441656,49.0,8,10,0.9686211382333778
DES,7.062215,6.8570952,0.042523067,0.4597559303441656,49.0,8,10,0.9686211382333778
CCL4,7.858207,7.7673225,0.016782789,0.4597559303441656,49.0,8,10,0.9686211382333778
ITGB2,7.868089,7.89452,-0.0048382366,0.4597559303441656,31.0,8,10,0.9686211382333778
GZMB,7.178214,7.123025,0.011134931,0.4597559303441656,49.0,8,10,0.9686211382333778
CD163,7.976054,7.976088,-6.105397e-06,0.4597559303441656,49.0,8,10,0.9686211382333778
KRAS,5.157005,5.27683,-0.03313815,0.4597559303441656,31.0,8,10,0.9686211382333778
CTSS,7.772392,7.915555,-0.026331885,0.5147858677270442,32.0,8,10,0.9686211382333778
CX3CL1,7.7382545,7.708622,0.0055351206,0.5147858677270442,48.0,8,10,0.9686211382333778
CDH1,8.805401,8.8985815,-0.015186694,0.5147858677270442,32.0,8,10,0.9686211382333778
KDR,7.422833,7.373872,0.0095476,0.5147858677270442,48.0,8,10,0.9686211382333778
VWF,6.7665057,6.7429175,0.005038024,0.5147858677270442,48.0,8,10,0.9686211382333778
PDGFRA,7.3681808,7.201014,0.03310839,0.5147858677270442,48.0,8,10,0.9686211382333778
GPR183,7.839822,7.7838187,0.010342679,0.5147858677270442,48.0,8,10,0.9686211382333778
ARID1A,8.034254,8.060232,-0.0046573183,0.5147858677270442,32.0,8,10,0.9686211382333778
GZMK,7.8598685,7.839138,0.0038102272,0.5147858677270442,48.0,8,10,0.9686211382333778
CLDN1,8.145696,8.135668,0.0017772055,0.5147858677270442,48.0,8,10,0.9686211382333778
CEACAM6,8.149714,8.177774,-0.004958775,0.5147858677270442,48.0,8,10,0.9686211382333778
BRCA1,7.6671257,7.6039553,0.011935788,0.5147858677270442,48.0,8,10,0.9686211382333778
CDX1,6.4666586,6.2615805,0.04649357,0.5147858677270442,48.0,8,10,0.9686211382333778
IDO1,7.9404783,7.9991508,-0.01062092,0.5147858677270442,48.0,8,10,0.9686211382333778
FABP5,6.5348353,6.4532843,0.018117301,0.5147858677270442,48.0,8,10,0.9686211382333778
ARG2,7.6486115,7.5758667,0.013786944,0.5147858677270442,48.0,8,10,0.9686211382333778
CDKN2A,7.3335657,7.2223043,0.022055691,0.5147858677270442,48.0,8,10,0.9686211382333778
CD2,7.9018326,7.8580832,0.00800983,0.5147858677270442,48.0,8,10,0.9686211382333778
LARS1,7.359446,7.463717,-0.020297103,0.5147858677270442,32.0,8,10,0.9686211382333778
NCR1,6.9644146,6.821083,0.030001266,0.5147858677270442,48.0,8,10,0.9686211382333778
CCL5,7.567034,7.5552063,0.0022567103,0.5147858677270442,48.0,8,10,0.9686211382333778
CD3E,7.524226,7.491098,0.0063659744,0.5726038667215138,47.0,8,10,0.9686211382333778
FOXQ1,8.769771,8.663881,0.01752564,0.5726038667215138,47.0,8,10,0.9686211382333778
IL10RA,7.8431287,7.83134,0.002170164,0.5726038667215138,47.0,8,10,0.9686211382333778
GPC1,6.70344,6.800771,-0.020796726,0.5726038667215138,33.0,8,10,0.9686211382333778
MMRN2,7.721312,7.6599607,0.0115089705,0.5726038667215138,47.0,8,10,0.9686211382333778
MRC1,8.0661125,8.079605,-0.0024112328,0.5726038667215138,47.0,8,10,0.9686211382333778
PPP2R5A,8.503736,8.525293,-0.003652716,0.5726038667215138,33.0,8,10,0.9686211382333778
EOMES,7.737584,7.68294,0.010224683,0.5726038667215138,47.0,8,10,0.9686211382333778
GZMH,7.141361,7.1095796,0.0064348057,0.5726038667215138,47.0,8,10,0.9686211382333778
HAVCR2,8.071067,8.047749,0.004174166,0.5726038667215138,47.0,8,10,0.9686211382333778
CCL2,7.1184216,7.0542955,0.013055288,0.5726038667215138,47.0,8,10,0.9686211382333778
IGHD,6.9804897,6.8999968,0.01673264,0.5726038667215138,47.0,8,10,0.9686211382333778
NKG7,6.651727,6.5623846,0.019508779,0.5726038667215138,47.0,8,10,0.9686211382333778
WFDC2,7.0584755,6.9836593,0.015373534,0.5726038667215138,47.0,8,10,0.9686211382333778
EGFR,7.5057864,7.449563,0.010847511,0.5726038667215138,47.0,8,10,0.9686211382333778
CXCL11,7.902893,7.88237,0.0037513915,0.5726038667215138,47.0,8,10,0.9686211382333778
STAT3,8.48992,8.618212,-0.021637615,0.5726038667215138,33.0,8,10,0.9686211382333778
RPA1,8.153679,8.181112,-0.004845829,0.5726038667215138,33.0,8,10,0.9686211382333778
LTBP2,6.0273714,5.8091536,0.053201046,0.5726038667215138,47.0,8,10,0.9686211382333778
KLRK1,7.8500443,7.851571,-0.00028061698,0.5726038667215138,47.0,8,10,0.9686211382333778
GPA33,7.8174076,7.582441,0.044027843,0.5726038667215138,47.0,8,10,0.9686211382333778
CYP1A1,7.0016956,6.947406,0.011229985,0.5726038667215138,47.0,8,10,0.9686211382333778
SST,6.544042,6.348156,0.043844502,0.5726038667215138,47.0,8,10,0.9686211382333778
JUN,8.479697,8.576674,-0.016405566,0.5726038667215138,33.0,8,10,0.9686211382333778
HES1,7.2367363,7.3289385,-0.018265067,0.5726038667215138,33.0,8,10,0.9686211382333778
DPT,7.199869,7.0964203,0.020879252,0.5726038667215138,47.0,8,10,0.9686211382333778
GPER1,6.8555136,6.7909346,0.013654578,0.5726038667215138,47.0,8,10,0.9686211382333778
HIPK2,8.260675,8.206889,0.009424241,0.5726038667215138,47.0,8,10,0.9686211382333778
CD1C,7.6789002,7.6286345,0.009474816,0.6334384569678687,46.0,8,10,0.9686211382333778
DNMT3A,7.8774347,7.7863617,0.016776498,0.6334384569678687,46.0,8,10,0.9686211382333778
GATA3,7.3886375,7.3629084,0.00503254,0.6334384569678687,46.0,8,10,0.9686211382333778
SMAD4,8.503579,8.474192,0.004994492,0.6334384569678687,46.0,8,10,0.9686211382333778
WNT5A,7.792038,7.7378564,0.010066714,0.6334384569678687,46.0,8,10,0.9686211382333778
VEGFB,7.256933,7.2807236,-0.004721849,0.6334384569678687,34.0,8,10,0.9686211382333778
CD38,7.8194103,7.8028345,0.0030614801,0.6334384569678687,46.0,8,10,0.9686211382333778
WTAP,8.478714,8.443535,0.0059983064,0.6334384569678687,46.0,8,10,0.9686211382333778
CEACAM5,7.949195,8.129847,-0.032419365,0.6334384569678687,34.0,8,10,0.9686211382333778
CD8A,7.7841454,7.738908,0.008408617,0.6334384569678687,46.0,8,10,0.9686211382333778
PCNA,7.5286837,7.5572042,-0.005455013,0.6334384569678687,34.0,8,10,0.9686211382333778
TGS1,8.323799,8.264547,0.010306308,0.6334384569678687,46.0,8,10,0.9686211382333778
ENST00000579755,3.6419835,3.4586575,0.07451226,0.6334384569678687,46.0,8,10,0.9686211382333778
MET,8.437127,8.424405,0.0021770329,0.6334384569678687,46.0,8,10,0.9686211382333778
SNCG,5.7698193,5.7004213,0.017457506,0.6334384569678687,46.0,8,10,0.9686211382333778
TAP1,8.554956,8.700822,-0.02439121,0.6334384569678687,34.0,8,10,0.9686211382333778
TAP2,8.041609,8.20238,-0.02855845,0.6334384569678687,34.0,8,10,0.9686211382333778
S100A9,5.674207,5.7304645,-0.014233268,0.6334384569678687,46.0,8,10,0.9686211382333778
IGHM,7.6106114,7.4881806,0.023397183,0.6334384569678687,46.0,8,10,0.9686211382333778
TNFSF13B,7.7459545,7.686759,0.011067519,0.6334384569678687,46.0,8,10,0.9686211382333778
PRF1,7.7788205,7.7829847,-0.0007721507,0.6334384569678687,46.0,8,10,0.9686211382333778
BHLHA15,7.6255302,7.5295167,0.018280335,0.6334384569678687,46.0,8,10,0.9686211382333778
PIM1,7.917837,7.8573356,0.011066154,0.6334384569678687,46.0,8,10,0.9686211382333778
ITGAM,7.5392094,7.497532,0.007997515,0.6334384569678687,46.0,8,10,0.9686211382333778
AQP5,6.8893056,6.7710543,0.024978148,0.6334384569678687,46.0,8,10,0.9686211382333778
CXCR3,7.0370965,7.0943365,-0.011687429,0.6964669317610493,35.0,8,10,0.9729693087260833
HSF1,7.545721,7.629606,-0.015949717,0.6964669317610493,35.0,8,10,0.9729693087260833
TNFRSF4,5.943079,5.965195,-0.0053587724,0.6964669317610493,35.0,8,10,0.9729693087260833
KLRB1,7.459424,7.4435067,0.003081731,0.6964669317610493,45.0,8,10,0.9729693087260833
JCHAIN,7.6286364,7.4538193,0.03344535,0.6964669317610493,45.0,8,10,0.9729693087260833
CD40LG,7.21307,7.2229576,-0.0019763159,0.6964669317610493,35.0,8,10,0.9729693087260833
LAMC3,7.4079847,7.334388,0.01440466,0.6964669317610493,45.0,8,10,0.9729693087260833
TNFSF9,6.423826,6.4066353,0.003865973,0.6964669317610493,45.0,8,10,0.9729693087260833
IL2RA,7.78085,7.8081865,-0.0050597345,0.6964669317610493,45.0,8,10,0.9729693087260833
CXCR4,7.8441267,7.860137,-0.0029415784,0.6964669317610493,45.0,8,10,0.9729693087260833
GUCY2C,7.904785,7.785028,0.022024019,0.6964669317610493,45.0,8,10,0.9729693087260833
ASCC2,7.812419,7.8125887,-3.1387175e-05,0.6964669317610493,35.0,8,10,0.9729693087260833
CCKBR,7.398553,7.391388,0.0013978855,0.6964669317610493,35.0,8,10,0.9729693087260833
PLIN1,7.6170015,7.5649757,0.009887718,0.6964669317610493,45.0,8,10,0.9729693087260833
NCAM1,7.522606,7.4050903,0.02271525,0.6964669317610493,35.0,8,10,0.9729693087260833
RARRES1,7.713815,7.8336105,-0.022232799,0.6964669317610493,35.0,8,10,0.9729693087260833
CCR2,7.3437824,7.334563,0.0018124181,0.6964669317610493,45.0,8,10,0.9729693087260833
DKK3,7.6095266,7.5212083,0.016842285,0.6964669317610493,45.0,8,10,0.9729693087260833
TFF1,8.217869,8.144854,0.012875469,0.7618264088852323,44.0,8,10,0.9729693087260833
PDCD1,6.2329073,6.2026715,0.007015458,0.7618264088852323,44.0,8,10,0.9729693087260833
AQP1,7.771615,7.7218885,0.009260717,0.7618264088852323,44.0,8,10,0.9729693087260833
CD276,6.7327995,6.679265,0.01151716,0.7618264088852323,44.0,8,10,0.9729693087260833
WEE1,8.1138525,8.122358,-0.0015115732,0.7618264088852323,36.0,8,10,0.9729693087260833
IL33,7.7570295,7.6121492,0.027200371,0.7618264088852323,44.0,8,10,0.9729693087260833
LAG3,7.1407614,7.143721,-0.00059784955,0.7618264088852323,44.0,8,10,0.9729693087260833
TBX21,7.39149,7.344481,0.009204666,0.7618264088852323,44.0,8,10,0.9729693087260833
MMP1,8.302778,8.335172,-0.00561773,0.7618264088852323,44.0,8,10,0.9729693087260833
CCR7,7.298897,7.2366285,0.012360776,0.7618264088852323,44.0,8,10,0.9729693087260833
CD14,7.7072926,7.6956167,0.0021871645,0.7618264088852323,44.0,8,10,0.9729693087260833
CD3D,7.798977,7.7775564,0.0039678537,0.7618264088852323,44.0,8,10,0.9729693087260833
STAT1,8.673815,8.873724,-0.03287306,0.7618264088852323,36.0,8,10,0.9729693087260833
TFF2,8.26388,7.964644,0.053209335,0.7618264088852323,44.0,8,10,0.9729693087260833
SPON2,7.5967584,7.4701905,0.024238955,0.7618264088852323,44.0,8,10,0.9729693087260833
KLRF1,6.2147317,6.2023287,0.002882128,0.7618264088852323,44.0,8,10,0.9729693087260833
ID2,5.699394,5.628253,0.018121377,0.7618264088852323,44.0,8,10,0.9729693087260833
ACKR1,7.0603576,7.0446215,0.003219017,0.7618264088852323,44.0,8,10,0.9729693087260833
CDX2,7.827705,7.678689,0.02772937,0.7618264088852323,44.0,8,10,0.9729693087260833
FCGR1A,8.088501,8.038399,0.008964205,0.7618264088852323,44.0,8,10,0.9729693087260833
CHIA,7.521381,7.561311,-0.0076387604,0.7618264088852323,44.0,8,10,0.9729693087260833
BMP4,7.6058836,7.5738726,0.006084795,0.7618264088852323,44.0,8,10,0.9729693087260833
WARS1,7.7345443,8.012956,-0.05101821,0.7618264088852323,36.0,8,10,0.9729693087260833
ATP4A,8.2096615,8.067672,0.025170323,0.7618264088852323,44.0,8,10,0.9729693087260833
ENST00000304494,3.5735455,3.5085602,0.026477009,0.7618264088852323,36.0,8,10,0.9729693087260833
AREG,7.477846,7.4395323,0.007410927,0.7618264088852323,44.0,8,10,0.9729693087260833
IRF1,8.361301,8.430881,-0.011955848,0.8285570638511814,37.0,8,10,0.9776399957552002
IL2RB,7.6761007,7.6866965,-0.0019900934,0.8285570638511814,43.0,8,10,0.9776399957552002
MUC13,8.651752,8.741576,-0.014901078,0.8285570638511814,43.0,8,10,0.9776399957552002
PAWR,8.349424,8.340906,0.0014726236,0.8285570638511814,37.0,8,10,0.9776399957552002
CREBBP,8.250245,8.226889,0.0040901355,0.8285570638511814,37.0,8,10,0.9776399957552002
SOX10,6.8232117,6.7703714,0.011215992,0.8285570638511814,43.0,8,10,0.9776399957552002
SLC16A7,7.944152,7.9879026,-0.007923548,0.8285570638511814,37.0,8,10,0.9776399957552002
PML,8.207138,8.248954,-0.0073319036,0.8285570638511814,43.0,8,10,0.9776399957552002
SLC2A1,6.7358875,6.784485,-0.010371196,0.8285570638511814,37.0,8,10,0.9776399957552002
CPT1A,8.264229,8.31735,-0.009243779,0.8285570638511814,37.0,8,10,0.9776399957552002
ERBB2,7.6780615,7.7527146,-0.013959475,0.8285570638511814,37.0,8,10,0.9776399957552002
HLA-DRA,9.2009945,9.259957,-0.00921574,0.8285570638511814,37.0,8,10,0.9776399957552002
MS4A1,7.8301744,7.789277,0.0075549874,0.8285570638511814,43.0,8,10,0.9776399957552002
CX3CR1,7.642498,7.6284914,0.0026464479,0.8285570638511814,43.0,8,10,0.9776399957552002
VIM,8.14308,8.09559,0.008438367,0.8285570638511814,43.0,8,10,0.9776399957552002
CXCL10,7.684042,7.667885,0.003036767,0.8285570638511814,43.0,8,10,0.9776399957552002
CAVIN2,7.4662046,7.3973746,0.013361695,0.8285570638511814,43.0,8,10,0.9776399957552002
HDC,7.438698,7.395934,0.008317651,0.8285570638511814,43.0,8,10,0.9776399957552002
ICOSLG,7.668317,7.656293,0.0022639222,0.8285570638511814,37.0,8,10,0.9776399957552002
CXCR6,7.75034,7.7615175,-0.0020791339,0.8285570638511814,43.0,8,10,0.9776399957552002
GHRL,7.6565437,7.6384735,0.003408965,0.8285570638511814,37.0,8,10,0.9776399957552002
CDKN2D,6.5092754,6.4590364,0.011178107,0.8285570638511814,43.0,8,10,0.9776399957552002
EPCAM,0.439358,0.41131887,0.09513976,0.8867749021113958,42.0,8,10,0.9896176543806469
CLDN3,6.94139,7.0962195,-0.03182603,0.8967503085150144,42.0,8,10,0.9896176543806469
RUNX3,7.8143244,7.7686033,0.008465895,0.8967503085150144,42.0,8,10,0.9896176543806469
SOX2,7.821354,7.724724,0.017935054,0.8967503085150144,38.0,8,10,0.9896176543806469
TACSTD2,8.20561,8.2491455,-0.0076340926,0.8967503085150144,42.0,8,10,0.9896176543806469
MYH11,7.4425273,7.3342752,0.021138243,0.8967503085150144,38.0,8,10,0.9896176543806469
SFN,7.8978205,8.0765705,-0.032288246,0.8967503085150144,38.0,8,10,0.9896176543806469
TAGLN,7.668664,7.6249504,0.008247371,0.8967503085150144,42.0,8,10,0.9896176543806469
MAL2,8.3596325,8.396161,-0.006290286,0.8967503085150144,42.0,8,10,0.9896176543806469
PROM1,8.346098,8.323994,0.0038260077,0.8967503085150144,42.0,8,10,0.9896176543806469
MUC5AC,8.587412,8.580958,0.0010846307,0.8967503085150144,42.0,8,10,0.9896176543806469
TLR9,7.212043,7.187426,0.004932791,0.8967503085150144,42.0,8,10,0.9896176543806469
FCGR3A,8.175068,8.179346,-0.0007547713,0.8967503085150144,38.0,8,10,0.9896176543806469
COL1A1,6.881156,6.6773376,0.04337796,0.8967503085150144,42.0,8,10,0.9896176543806469
PGC,9.017045,8.666025,0.0572843,0.8967503085150144,42.0,8,10,0.9896176543806469
CXCL9,8.024122,8.044341,-0.0036306467,0.8967503085150144,42.0,8,10,0.9896176543806469
TGFB1,6.684702,6.6075044,0.0167578,0.8967503085150144,42.0,8,10,0.9896176543806469
FAS,7.6999965,7.721753,-0.004070633,0.8967503085150144,38.0,8,10,0.9896176543806469
KLRD1,7.03615,7.086436,-0.010273934,0.8967503085150144,38.0,8,10,0.9896176543806469
MUC2,8.122348,8.243296,-0.02132445,0.8967503085150144,42.0,8,10,0.9896176543806469
CCR5,7.421946,7.4227004,-0.00014662265,0.965400612459436,41.0,8,10,1.0
CLDN7,8.09633,8.240065,-0.025387606,0.965400612459436,41.0,8,10,1.0
LRIG1,8.481482,8.38568,0.01638852,0.965400612459436,41.0,8,10,1.0
MCM6,8.364333,8.36958,-0.00090474036,0.965400612459436,39.0,8,10,1.0
CHGA,7.3064556,7.2128563,0.018601084,0.965400612459436,41.0,8,10,1.0
FHL2,8.436255,8.385892,0.008638571,0.965400612459436,41.0,8,10,1.0
CBLIF,8.296782,8.139292,0.027648557,0.965400612459436,41.0,8,10,1.0
KIT,7.65662,7.6281652,0.005371497,0.965400612459436,41.0,8,10,1.0
CLDN4,7.900874,7.9031563,-0.00041668813,0.965400612459436,41.0,8,10,1.0
PSCA,7.8069997,7.672183,0.025131112,0.965400612459436,39.0,8,10,1.0
TFF3,7.3509827,7.37779,-0.0052515776,0.965400612459436,39.0,8,10,1.0
MADCAM1,6.2835417,6.298721,-0.0034809113,0.965400612459436,39.0,8,10,1.0
SCD,8.5502,8.587932,-0.0063524717,0.965400612459436,41.0,8,10,1.0
LYVE1,7.3503323,7.3220987,0.005552253,0.965400612459436,41.0,8,10,1.0
CD79A,6.703958,6.6854258,0.0039937515,0.965400612459436,39.0,8,10,1.0
FSCN1,6.883917,6.914491,-0.006393412,0.965400612459436,39.0,8,10,1.0
CD247,7.761422,7.756999,0.0008223586,0.965400612459436,41.0,8,10,1.0
CD44,7.9988923,8.124076,-0.022403445,0.965400612459436,39.0,8,10,1.0
CD27,7.080869,7.096878,-0.0032580176,0.965400612459436,39.0,8,10,1.0
MUC4,7.7288604,7.909902,-0.033404164,1.0,40.0,8,10,1.0
FGFR4,7.351754,7.3547683,-0.0005913975,1.0,40.0,8,10,1.0
FOXP3,5.7096577,5.789395,-0.020008292,1.0,40.0,8,10,1.0
GAST,4.8935766,4.9737005,-0.02343037,1.0,40.0,8,10,1.0
CD68,8.343133,8.381116,-0.006553125,1.0,40.0,8,10,1.0
ATP2B4,7.7294674,7.739174,-0.0018105651,1.0,40.0,8,10,1.0
CDKN1C,6.8464584,6.805008,0.00876097,1.0,40.0,8,10,1.0
CD74,9.180094,9.247959,-0.010626117,1.0,40.0,8,10,1.0
ALDH1A1,8.869514,8.799044,0.011508458,1.0,40.0,8,10,1.0
TOP2A,8.201265,8.213389,-0.0021311485,1.0,40.0,8,10,1.0
DNMT1,8.0427885,8.096886,-0.009671284,1.0,40.0,8,10,1.0
IQGAP3,7.7859817,7.754186,0.005903592,1.0,40.0,8,10,1.0
PDE4A,5.1062365,5.1034136,0.0007977789,1.0,40.0,8,10,1.0
